,OPC_9,OPC_8,OPC_7,OPC_6,OPC_5,OPC_4,OPC_3,OPC_2,OPC_11,OPC_10,OPC_1,OLqNSCI_6,OLqNSCI_5,OLqNSCI_4,OLqNSCI_3,OLqNSCI_2,OLqNSCI_1,OLqNSCII_9,OLqNSCII_8,OLqNSCII_7,OLqNSCII_6,OLqNSCII_5,OLqNSCII_4,OLqNSCII_3,OLqNSCII_2,OLqNSCII_12,OLqNSCII_11,OLqNSCII_10,OLqNSCII_1,OLpNSC_4,OLpNSC_3,OLpNSC_2,OLpNSC_1,OLaNSC_9,OLaNSC_8,OLaNSC_7,OLaNSC_6,OLaNSC_5,OLaNSC_4,OLaNSC_3,OLaNSC_2,OLaNSC_13,OLaNSC_12,OLaNSC_11,OLaNSC_10,OLaNSC_1,OLTAP_9,OLTAP_8,OLTAP_7,OLTAP_6,OLTAP_5,OLTAP_4,OLTAP_3,OLTAP_2,OLTAP_11,OLTAP_10,OLTAP_1,NB_99,NB_98,NB_97,NB_96,NB_95,NB_94,NB_93,NB_92,NB_91,NB_90,NB_9,NB_89,NB_88,NB_87,NB_86,NB_85,NB_84,NB_83,NB_82,NB_81,NB_80,NB_8,NB_79,NB_78,NB_77,NB_76,NB_75,NB_74,NB_73,NB_72,NB_71,NB_70,NB_7,NB_69,NB_68,NB_67,NB_66,NB_65,NB_64,NB_63,NB_62,NB_61,NB_60,NB_6,NB_59,NB_58,NB_57,NB_56,NB_55,NB_54,NB_53,NB_52,NB_51,NB_50,NB_5,NB_49,NB_48,NB_47,NB_46,NB_45,NB_44,NB_43,NB_42,NB_41,NB_40,NB_4,NB_39,NB_38,NB_37,NB_36,NB_35,NB_34,NB_33,NB_32,NB_31,NB_30,NB_3,NB_29,NB_28,NB_27,NB_26,NB_25,NB_24,NB_23,NB_22,NB_21,NB_20,NB_2,NB_19,NB_18,NB_17,NB_16,NB_15,NB_14,NB_13,NB_12,NB_11,NB_102,NB_101,NB_100,NB_10,NB_1,MOL_9,MOL_8,MOL_75,MOL_74,MOL_73,MOL_72,MOL_71,MOL_70,MOL_7,MOL_69,MOL_68,MOL_67,MOL_66,MOL_65,MOL_64,MOL_63,MOL_62,MOL_61,MOL_60,MOL_6,MOL_59,MOL_58,MOL_57,MOL_56,MOL_55,MOL_54,MOL_53,MOL_52,MOL_51,MOL_50,MOL_5,MOL_49,MOL_48,MOL_47,MOL_46,MOL_45,MOL_44,MOL_43,MOL_42,MOL_41,MOL_40,MOL_4,MOL_39,MOL_38,MOL_37,MOL_36,MOL_35,MOL_34,MOL_33,MOL_32,MOL_31,MOL_30,MOL_3,MOL_29,MOL_28,MOL_27,MOL_26,MOL_25,MOL_24,MOL_23,MOL_22,MOL_21,MOL_20,MOL_2,MOL_19,MOL_18,MOL_17,MOL_16,MOL_15,MOL_14,MOL_13,MOL_12,MOL_11,MOL_10,MOL_1
2810454H06Rik,0.1,0.1,0.1,0.1,0.1,0.1,0.1,0.1,0.1,1.14853,0.1,1.06896,0.1,0.1,0.1,0.1,0.1,0.1,0.1,0.1,0.1,0.1,0.1,0.1,0.1,0.1,0.1,0.1,0.1,1.42188,3.88803,1.38207,0.1,0.1,0.619502,0.1,0.1,0.1,0.1,0.1,0.1,0.1,0.440744,0.1,0.1,0.1,0.1,0.1,0.1,0.1,0.1,0.1,0.1,0.1,0.1,0.1,0.1,0.1,0.1,0.1,0.1,0.1,1.0627,0.1,0.1,0.1,0.1,0.1,0.1,0.1,0.1,1.40581,0.1,0.1,0.1,0.1,0.1,0.1,0.1,1.1722,0.1,0.1,0.1,0.1,0.1,0.1,0.1,0.1,0.1,0.1,0.1,0.1,0.1,0.1,0.1,0.1,0.1,0.1,0.1,0.1,0.1,1.04529,0.1,0.1,0.1,0.1,0.1,0.1,0.1,0.1,0.1,0.1,0.1,0.1,0.1,0.1,0.1,0.1,0.1,0.989152,0.1,0.1,0.1,0.1,0.1,0.1,0.1,0.1,0.1,1.09692,0.1,0.1,0.1,0.1,0.1,0.1,0.1,0.1,0.1,0.1,0.1,0.1,0.1,0.1,0.1,0.1,0.1,0.1,0.1,0.1,0.1,0.1,0.1,0.1,0.1,0.1,0.1,0.1,0.1,0.1,0.1,0.1,0.1,0.1,0.1,0.1,0.1,0.1,0.1,0.1,0.1,0.1,0.1,0.1,0.1,0.1,0.1,0.1,0.1,0.1,0.1,0.1,0.1,0.1,0.1,0.1,0.1,0.1,0.1,0.1,0.1,0.1,0.1,0.1,0.1,0.1,0.1,0.1,0.1,0.1,0.1,0.1,0.1,0.1,0.1,0.1,0.1,0.1,0.1,0.1,0.1,0.1,0.1,0.1,0.1,0.1,0.1,0.1,0.1,0.1,0.1,0.1,0.1,0.1,0.1,0.1,0.1,0.1,0.1,0.1,0.1,0.1,0.1,0.1
3110035E14Rik,9.72182,7.87461,19.8146,8.55497,0.931872,11.9321,7.55057,10.3006,6.87394,9.68789,8.41243,0.1,0.1,0.1,0.1,0.1,0.1,0.1,0.1,0.1,0.1,0.1,0.1,0.1,0.1,0.1,0.1,0.1,0.1,0.1,0.1,0.1,0.1,0.1,0.1,0.1,0.1,0.1,0.1,0.1,0.1,0.1,0.1,0.1,0.1,0.1,0.1,0.1,0.1,0.680691,0.1,0.1,0.1,0.1,0.1,0.1,0.1,0.1,0.1,0.1,0.1,0.1,0.1,0.1,0.1,0.1,0.1,0.1,0.1,0.1,0.1,0.1,0.1,0.1,0.1,0.1,0.1,0.1,0.1,0.1,0.1,0.1,0.1,0.1,0.1,0.1,0.1,0.1,0.1,0.1,0.1,0.1,0.1,0.1,0.1,0.1,0.1,0.1,0.1,0.1,0.1,0.1,0.1,0.1,0.1,0.1,0.1,0.1,1.41992,0.1,0.1,0.1,0.1,0.1,0.1,0.1,0.1,0.1,0.1,0.1,0.1,0.1,0.1,0.1,0.1,0.1,0.1,0.1,0.1,0.1,0.1,0.1,0.1,0.1,0.1,0.1,0.1,0.1,0.1,0.1,0.1,0.1,0.1,0.1,0.1,0.1,0.1,0.1,0.1,0.1,0.1,0.1,0.1,0.1,0.1,0.1,0.1,0.81444,0.1,0.1,0.1,1.43204,0.1,0.1,0.1,0.1,0.1,0.1,0.1,0.1,0.1,0.1,0.1,0.1,0.1,0.1,0.1,0.1,0.1,0.671103,0.1,0.1,0.1,0.1,0.1,0.1,0.1,0.1,0.1,0.1,0.1,1.02766,0.1,0.1,0.600246,0.1,0.1,0.1,0.1,0.1,0.1,0.1,0.1,1.0411,0.1,0.1,0.1,0.1,1.58047,0.1,0.1,0.1,0.1,0.1,0.1,0.1,0.1,0.1,0.1,0.1,0.1,0.1,0.1,0.1,0.1,2.15077,0.1,0.1,0.1,0.1,0.1,0.1,0.1,0.1
Adora2b,0.648053,0.1,0.1,0.1,2.60545,0.1,0.914795,0.1,0.1,0.1,0.1,3.01832,1.97909,1.17661,4.70739,3.47606,1.1051,0.1,0.1,0.1,0.1,0.1,0.1,0.1,3.03125,0.1,0.1,0.1,0.1,0.1,0.1,0.1,0.1,0.1,0.1,0.1,0.1,0.1,0.1,0.1,0.1,0.1,0.1,0.1,0.1,0.1,0.1,0.1,0.1,0.1,0.1,0.1,0.1,0.1,0.1,0.1,0.1,0.1,0.1,0.1,0.1,0.1,0.1,0.1,0.1,0.1,0.1,0.1,0.1,0.1,0.1,0.1,0.1,0.1,0.1,0.1,0.1,0.1,0.1,0.1,0.1,0.1,0.1,0.1,0.1,0.1,0.1,0.1,0.1,0.1,0.1,0.1,0.1,0.1,0.1,0.1,0.1,0.1,0.1,0.1,0.1,0.1,0.1,0.1,0.1,0.1,0.1,0.1,0.1,0.1,0.1,0.1,0.1,0.1,0.1,0.1,0.1,0.1,0.1,0.1,0.1,0.1,0.1,0.1,0.1,0.1,0.1,0.1,0.1,0.1,0.1,0.1,0.1,0.1,0.1,0.1,0.1,0.1,0.1,0.1,0.1,0.1,0.1,0.1,0.1,0.1,0.1,0.1,0.1,0.1,0.1,0.1,0.1,0.1,0.1,0.1,0.1,0.1,0.1,0.1,0.1,0.1,0.1,0.1,0.1,0.1,0.1,0.1,0.1,0.1,0.1,0.1,0.1,0.1,0.1,0.1,0.1,0.1,0.1,0.1,0.1,0.1,0.1,0.1,0.1,0.1,0.1,0.1,0.1,0.1,0.1,0.1,0.1,0.1,0.1,0.1,0.1,0.1,0.1,0.1,0.1,0.1,0.1,0.1,0.1,0.1,0.1,0.1,0.1,0.1,0.1,0.1,0.1,0.1,0.1,0.1,0.1,0.1,0.1,0.1,0.1,0.1,0.1,0.1,0.1,0.1,0.1,0.1,0.1,0.1,0.1,0.1,0.1,0.1
Agt,0.1,0.1,0.1,0.1,0.1,0.1,0.1,0.1,0.1,0.1,0.1,17.1114,5.75948,5.52569,5.87067,2.34628,2.11414,1.9767,0.1,0.1,0.1,0.1,0.1,0.1,0.1,0.1,0.1,0.1,0.1,0.1,0.1,0.1,0.1,0.1,0.1,0.1,0.1,0.1,0.1,0.1,0.1,0.1,0.1,0.1,0.1,0.1,0.1,0.1,0.1,0.1,0.1,0.1,0.1,0.1,0.1,0.1,0.1,0.1,0.1,0.1,0.1,0.1,0.1,0.1,0.1,0.1,0.1,0.1,0.1,0.1,0.1,0.1,0.1,0.1,0.1,0.1,0.1,0.1,0.1,0.1,0.1,0.1,0.1,0.1,0.1,0.1,0.1,0.1,0.1,0.1,0.1,0.1,0.1,0.1,0.1,0.1,0.1,0.1,0.1,0.1,0.1,0.1,0.1,0.1,0.1,0.1,0.1,0.1,0.1,0.1,0.1,0.1,0.1,0.1,0.1,0.1,0.1,0.1,0.1,0.1,0.1,0.1,0.1,0.1,0.1,0.1,0.1,0.1,0.1,0.1,0.1,0.1,0.1,0.1,0.1,0.1,0.1,0.1,0.1,0.1,0.1,0.1,0.1,0.1,0.1,0.1,0.1,0.1,0.1,0.1,0.1,0.1,0.1,0.1,0.1,0.1,0.1,0.1,0.1,0.1,0.1,0.1,0.1,0.1,0.1,0.1,0.1,0.1,0.1,0.1,0.1,0.1,0.1,0.1,0.1,0.1,0.1,0.1,0.1,0.1,0.1,0.1,0.1,0.1,0.1,0.1,0.1,0.1,0.1,0.1,0.1,0.1,0.1,0.1,0.1,0.1,0.1,0.1,0.1,0.1,0.1,0.1,0.1,0.1,0.1,0.1,0.1,0.1,0.1,0.1,0.1,0.1,0.1,0.1,0.1,0.1,0.1,0.1,0.1,0.1,0.1,0.1,0.1,0.1,0.1,0.1,0.1,0.1,0.1,0.1,0.1,0.1,0.1,0.1
Appl2,1.75064,2.66075,1.15835,1.76426,0.1,0.923434,0.1,2.10785,0.1,1.14853,1.00905,8.96025,1.97909,14.4357,7.03858,9.19279,7.21972,17.2608,9.10564,4.17413,10.6215,12.4072,6.93235,9.27784,2.05032,17.0038,20.5495,1.30112,12.0145,1.42188,1.9903,2.66918,2.29621,0.1,0.619502,2.48934,2.71503,0.870747,1.95826,0.1,1.26071,0.518582,0.440744,0.896754,2.27577,0.591279,0.1,0.872473,0.1,1.84894,0.577836,0.595739,0.1,0.424517,0.1,0.1,1.28494,0.1,0.1,0.1,1.99274,0.1,1.0627,0.1,0.1,1.39487,0.1,0.1,0.1,0.1,0.1,0.1,0.1,0.1,0.1,1.35835,1.34194,1.49793,2.13438,0.1,0.1,0.1,0.1,0.1,0.1,0.1,0.1,0.1,0.1,0.1,0.1,0.1,0.1,0.1,1.35721,0.1,0.1,0.1,0.1,0.1,1.20242,0.1,0.1,0.1,1.61532,0.1,0.1,0.1,0.1,0.1,0.1,0.1,0.1,0.1,0.1,2.12948,0.1,1.26774,0.1,0.1,0.1,3.56432,0.1,1.7773,0.1,1.42688,0.1,0.1,0.1,0.1,0.1,1.68406,0.1,2.49947,0.1,1.44562,0.1,0.1,0.1,0.1,0.1,0.962133,0.1,1.52138,0.1,0.1,0.1,0.1,0.1,0.884973,0.1,0.1,0.1,0.1,2.48984,1.27451,0.1,0.1,0.84629,1.6862,1.00489,0.1,1.41321,1.07502,1.14084,1.3295,0.881533,1.81892,2.10817,0.502078,2.35496,6.22725,1.23907,2.12316,1.24296,1.90591,1.22652,1.16991,1.34116,1.82006,1.93643,3.12913,0.737887,1.82453,0.791008,2.92255,0.1,1.83332,3.89793,0.1,2.03475,1.95896,1.26753,3.75937,1.10246,0.1,0.1,0.1,2.66433,1.75786,1.28057,3.17135,0.849151,1.0411,0.650038,0.791938,5.26619,3.03016,1.58047,1.20858,1.85775,0.1,0.1,1.60778,0.1,1.17766,1.56046,1.2146,1.36295,2.7539,3.38359,0.1,0.1,3.26604,0.1,1.12337,0.1,1.07521,0.1,0.849906,0.1,0.1,2.17419,2.47917
Aqp4,0.1,0.1,0.1,0.1,0.1,0.1,0.1,0.1,0.1,0.1,0.1,5.97146,39.1546,15.5701,12.9492,20.9804,4.14421,9.55784,11.7745,7.92219,6.07654,0.1,11.9312,0.1,5.99747,22.0134,22.2987,13.5782,4.16076,0.1,0.1,1.38207,0.829197,0.1,0.1,0.1,0.968257,0.1,0.1,0.1,1.26071,0.1,0.1,0.1,0.1,1.57964,0.1,0.1,0.1,0.1,0.1,0.1,0.1,0.1,0.1,0.1,0.1,0.1,0.1,0.1,0.1,0.1,0.1,0.1,0.1,0.1,0.1,0.1,0.1,0.1,0.1,0.1,0.1,0.1,0.1,0.1,0.1,0.1,0.1,0.1,0.1,0.1,0.1,0.1,0.1,0.1,0.1,0.1,0.1,0.1,0.1,0.1,0.1,0.1,0.1,0.1,0.1,0.1,0.1,0.1,0.1,0.1,0.1,0.1,0.1,0.1,0.1,0.1,0.1,0.1,0.1,0.1,0.1,0.1,0.1,1.11275,0.1,0.1,1.12031,0.989152,0.1,0.1,0.1,0.1,0.1,0.1,0.1,0.1,0.1,0.1,0.1,0.1,0.1,0.1,0.1,0.1,0.1,0.1,0.1,0.1,0.1,0.1,0.1,0.1,0.1,0.1,0.1,0.1,0.1,0.1,0.1,0.1,0.1,0.1,0.1,0.1,0.1,0.1,0.1,0.1,0.1,0.1,0.1,0.1,0.1,0.1,0.1,0.957776,0.1,0.502078,0.1,0.1,0.1,0.1,0.1,0.1,0.1,0.1,0.1,0.671103,0.1,0.1,0.1,0.1,0.1,0.1,0.1,0.1,0.1,0.1,0.1,0.1,0.1,0.1,0.1,0.1,0.1,0.1,0.1,0.1,0.1,0.1,0.1,0.1,0.1,0.791938,0.1,0.1,0.1,0.1,0.1,0.1,0.1,1.60778,0.1,0.1,0.1,0.1,0.1,0.1,0.1,0.1,0.1,0.1,0.1,1.12337,0.1,0.1,0.1,0.1,0.1,0.1,0.1,0.1
Atp13a4,0.1,0.1,0.1,0.1,0.1,0.1,0.1,0.1,0.1,0.1,0.1,3.01832,1.97909,4.43196,9.3885,3.47606,5.16529,1.9767,3.25848,1.89275,12.1487,0.1,1.06453,4.66171,1.07325,0.1,1.76712,0.1,0.1,0.1,0.1,0.1,0.1,0.1,0.1,0.1,0.1,0.1,0.1,0.1,0.1,0.1,0.1,0.1,0.1,0.1,0.1,0.1,0.1,0.1,0.1,0.1,0.1,0.1,0.1,0.1,0.1,0.1,0.1,0.1,0.1,0.1,0.1,0.1,0.1,0.1,0.1,0.1,0.1,0.1,0.1,0.1,0.1,0.1,0.1,0.1,0.1,0.1,0.1,0.1,0.1,0.1,0.1,0.1,0.1,0.1,0.1,0.1,0.1,0.1,0.1,0.1,0.1,0.1,0.1,0.1,0.1,0.1,0.1,0.1,0.1,0.1,0.1,0.1,0.1,0.1,0.1,0.1,0.1,0.1,0.1,0.1,0.1,0.1,0.1,0.1,0.1,0.1,0.1,0.1,0.1,0.1,0.1,0.1,0.1,0.1,0.1,0.1,0.1,0.1,0.1,0.1,0.1,0.1,0.1,0.1,0.1,0.1,0.1,0.1,0.1,0.1,0.1,0.1,0.1,0.1,0.1,0.1,0.1,0.1,0.1,0.1,0.1,0.1,0.1,0.1,0.1,0.1,0.1,0.1,0.1,0.1,0.1,0.1,0.1,0.1,0.1,0.1,0.1,0.1,0.1,0.1,0.1,0.1,0.1,0.1,0.1,0.1,0.1,0.1,0.1,0.1,0.1,0.1,0.1,0.1,0.1,0.1,0.1,0.1,0.1,0.1,0.1,0.1,0.1,0.1,0.1,0.1,0.1,0.1,0.1,0.1,0.1,0.1,0.1,0.1,0.1,0.1,0.1,0.1,0.1,0.1,0.1,0.1,0.1,0.1,0.1,0.1,0.1,0.1,0.1,0.1,0.1,0.1,0.1,0.1,0.1,0.1,0.1,0.1,0.1,0.1,0.1,0.1
Basp1,5.67951,0.950232,3.28756,2.6013,5.14078,1.7501,2.55402,7.19748,3.47363,3.25799,3.75774,0.1,0.1,0.1,0.1,1.22094,0.1,0.1,0.1,0.1,0.1,0.1,0.1,0.1,0.1,0.1,0.1,0.1,0.1,0.1,0.1,3.96137,0.1,0.1,0.619502,0.1,0.968257,1.64452,1.49095,0.1,3.59584,1.36069,0.1,3.3059,5.96004,0.1,0.948071,3.2082,3.79612,3.02645,4.96467,0.1,2.73908,4.42115,0.1,7.40867,2.48401,7.99764,8.62765,12.503,21.3391,9.68794,6.91937,13.7446,9.6219,10.6037,9.5204,10.1928,12.764,14.4713,10.2825,5.35419,3.81885,16.878,9.68315,19.5129,17.9458,18.7143,3.15759,14.3771,13.1185,9.07166,2.83306,8.45076,3.61924,14.3654,7.69854,11.7446,4.71384,12.7311,17.4194,5.47834,8.87518,3.84242,11.5961,16.3246,14.6259,10.6914,25.3977,8.20323,2.30917,16.6959,15.7199,8.91804,13.9562,8.04015,7.44596,7.65267,10.8069,11.2856,4.21478,15.1138,14.3164,11.5066,11.8996,9.36068,11.3037,7.176,16.9245,15.7103,10.3686,3.56432,9.09086,6.02904,16.8563,9.4991,13.6316,33.0517,11.4337,16.5388,11.3051,4.0837,11.0019,13.5363,5.82866,13.7993,3.64528,15.2117,8.84133,6.25543,11.8934,6.20702,4.30149,10.1685,11.6148,7.90708,6.99375,10.5196,14.3855,9.72875,10.4985,11.0087,18.7996,8.62318,14.0308,9.62741,9.51455,11.1218,20.5211,0.1,1.00489,0.1,0.1,1.07502,0.1,0.1,0.881533,0.1,0.1,0.1,0.1,0.1,0.1,0.1,0.1,1.90591,0.1,0.633906,0.1,0.1,0.1,0.1,0.737887,0.672589,0.1,0.1,0.1,0.1,0.1,0.1,0.1,1.02766,0.1,0.1,0.1,0.1,0.1,0.1,1.37965,0.1,0.1,0.1,0.1,0.1,0.1,1.4866,0.1,0.1,3.06676,0.1,0.1,0.1,0.1,0.1,0.1,0.1,0.1,0.1,0.1,0.1,0.1,0.1,0.1,0.1,0.1,0.1,0.1,0.1,3.64306,0.1,0.1,0.1,0.1,0.1
Cd24a,0.1,0.1,0.1,0.1,0.931872,0.1,0.1,0.1,0.1,0.1,0.1,1.06896,0.1,0.1,0.1,0.1,0.1,0.1,0.1,0.1,0.1,0.1,1.06453,0.1,0.1,0.1,0.1,0.1,1.24878,1.42188,0.1,0.1,0.1,0.742103,0.1,0.893321,0.1,0.1,1.02547,0.1,3.59584,3.49545,0.782826,0.896754,3.74066,0.591279,0.523204,3.99296,8.86472,5.4099,1.53916,4.63309,5.44227,7.19677,2.90262,8.90601,1.68304,3.03231,6.16696,16.1108,7.71581,17.8553,14.9517,10.6253,15.7304,5.31016,21.3439,7.6238,26.1244,17.1132,12.0282,5.35419,7.58207,18.5932,11.0741,16.8558,5.09721,10.0024,17.9232,7.69507,14.5942,10.3739,5.58773,13.8079,13.2119,3.62411,13.8872,15.1318,9.38271,4.24334,15.4641,25.7598,1.84124,17.9549,2.61937,10.8294,19.3327,6.68012,7.74442,4.94274,7.90911,16.6959,16.9558,6.68715,12.3919,16.1401,9.30067,14.0863,5.41096,16.176,5.59723,17.0245,19.1706,11.5066,8.91438,7.27392,6.56998,16.8795,4.20543,5.48788,24.658,15.908,5.20707,20.2321,10.0734,1.42688,13.6316,13.3953,14.3242,12.3286,17.0089,4.0837,8.98381,8.5818,19.4641,18.0178,20.766,9.63944,15.5844,8.34012,7.42687,12.4882,9.98165,13.0972,15.5146,5.27356,16.8793,9.25591,9.75416,13.8813,18.3586,18.9119,7.98568,4.32777,9.00401,10.8399,9.51455,14.1769,9.25424,0.1,0.1,0.1,0.1,0.1,0.1,0.1,0.1,0.957776,0.1,0.1,0.1,0.1,0.1,0.1,0.1,0.1,0.1,0.1,0.1,0.1,0.1,0.1,0.1,0.1,0.1,0.1,0.1,0.1,0.1,1.32945,0.1,0.1,0.1,0.1,0.1,0.1,0.1,0.1,0.1,0.1,0.1,0.1,0.1,0.1,0.1,0.1,0.1,0.1,1.58047,0.1,0.1,0.1,0.1,0.1,0.1,0.1,1.56046,0.1,0.1,0.1,0.1,0.1,1.26057,0.1,0.1,0.1,0.1,0.1,0.1,0.1,0.1,0.1,0.1,0.1
Cdk4,1.19826,1.80381,0.1,1.76426,0.931872,0.923434,1.73279,0.1,0.1,0.1,1.92167,2.04172,1.97909,0.1,0.1,1.22094,0.1,0.1,0.1,0.1,0.1,0.1,0.1,0.1,0.1,0.1,0.1,0.1,0.673261,0.1,3.88803,1.38207,2.29621,7.30526,3.77995,3.29209,0.968257,0.1,4.32302,12.6895,7.13337,4.79706,5.35672,4.11533,3.74066,1.08449,6.18112,4.78085,8.86472,11.5416,6.46269,12.0237,11.5347,7.90544,9.71275,10.4157,4.51481,4.01748,2.51244,12.503,5.80058,9.68794,5.93352,4.53857,10.8337,1.39487,10.4834,4.2466,2.00586,2.56542,3.44014,4.03287,5.06827,0.1,4.17457,1.35835,7.62565,4.31031,8.33505,1.1722,13.1185,14.3122,2.83306,1.12946,8.37702,5.39659,3.12145,8.38451,7.82022,3.20137,1.99405,3.67851,3.58933,10.1795,0.1,4.08371,9.41689,4.03248,5.822,3.32214,5.65576,8.74382,12.0423,3.37405,6.19719,0.1,14.9095,1.3464,13.5376,11.2856,8.37865,1.95086,3.21553,5.7695,3.01496,4.175,1.93034,3.61702,5.24197,6.39841,9.20933,0.1,6.49651,7.75368,6.72261,8.14031,8.50679,5.75291,4.30807,8.18681,9.41901,5.69945,5.98707,7.35562,3.91159,8.25389,1.27712,6.88679,5.53072,4.18736,4.47876,4.44481,4.30149,2.94834,2.00027,5.27356,5.60408,2.48803,3.01728,1.67303,5.71523,8.79189,0.1,4.32777,4.90819,7.21705,1.96811,3.70049,1.59551,0.1,1.00489,2.76932,1.41321,0.1,1.14084,0.1,0.881533,1.81892,0.1,0.1,0.1,2.53642,0.1,0.1,1.24296,1.90591,0.1,0.1,0.1,0.1,0.1,0.1,1.37828,0.672589,0.1,0.1,0.1,0.675506,2.62697,0.1,0.1,1.02766,1.26753,0.1,0.1,0.1,0.1,0.1,0.1,0.1,1.28057,0.1,0.849151,1.0411,0.1,0.1,5.26619,0.1,1.58047,0.1,0.1,2.10767,0.1,1.60778,0.1,0.1,0.1,1.2146,0.1,0.1,0.1,0.1,1.26057,1.67992,0.1,0.1,3.72482,0.1,0.1,1.60276,0.1,1.26276,0.788683,0.1
Celf4,0.648053,1.80381,1.15835,0.930496,0.1,0.1,0.914795,0.1,0.1,1.14853,1.00905,0.1,0.1,0.1,0.1,1.22094,0.1,0.1,0.726731,0.1,0.1,1.6172,0.1,0.1,0.1,1.27639,0.1,0.1,0.1,0.1,0.1,0.1,0.1,0.1,0.1,0.1,0.1,0.1,0.56183,0.1,0.1,0.1,0.1,0.1,0.1,0.1,0.1,0.1,0.709964,3.02645,0.1,0.1,2.29486,0.424517,0.1,0.1,0.1,7.99764,8.62765,0.1,0.1,3.27078,4.95161,2.30613,6.01567,7.94633,1.95429,6.7744,2.96443,1.74038,3.44014,8.01264,2.57436,6.73121,2.81104,2.62165,3.84051,4.31031,0.1,2.24862,2.953,1.36654,4.20767,1.12946,8.37702,1.8586,7.69854,8.38451,1.63191,0.1,1.99405,0.1,1.84124,1.34258,9.00562,5.42212,4.37798,4.03248,1.99985,0.1,1.20242,4.86388,1.27305,11.167,3.13659,12.8805,1.92567,0.1,6.75187,0.1,6.98517,1.95086,1.65471,7.67429,4.48106,2.12948,5.63465,1.26774,10.4874,5.48788,1.22298,7.05603,0.1,3.46787,1.7459,6.78695,6.81212,3.86119,1.49718,4.11131,5.66932,4.0837,6.98197,0.1,11.6256,4.15277,0.1,9.63944,3.34556,0.1,0.1,4.44481,7.13026,1.52138,2.00027,2.67144,2.8412,3.6963,1.5529,4.05595,3.82865,3.32721,4.01946,3.26457,7.35574,0.1,0.1,11.8808,5.38643,0.1,0.1,0.1,1.41321,0.1,1.14084,0.1,0.1,0.1,0.1,0.1,0.1,0.1,0.1,0.1,0.1,1.90591,0.1,1.16991,0.1,0.1,0.1,0.1,0.737887,0.672589,0.1,0.1,0.1,0.1,0.1,0.1,0.1,0.1,0.1,0.1,0.600246,0.1,1.40861,0.1,0.1,1.75786,0.1,1.63266,0.849151,1.0411,0.1,1.4866,1.38394,0.1,10.5871,0.1,0.1,0.1,0.1,0.1,0.1,0.1,0.1,0.1,0.1,1.42435,0.1,0.1,0.1,4.85842,0.1,0.1,0.1,0.1,0.1,0.849906,0.1,0.1,0.1,0.1
Cldn11,1.75064,2.66075,2.22086,0.1,0.1,0.1,0.1,0.1,1.78351,2.20118,0.1,0.1,0.1,0.1,0.1,0.1,0.1,0.1,0.1,0.1,0.1,0.1,0.1,0.1,0.1,1.27639,0.1,0.1,0.1,0.1,0.1,0.1,0.1,0.1,0.1,0.1,0.1,0.1,0.1,0.1,7.13337,0.1,0.1,0.1,0.1,0.1,0.1,0.1,0.1,0.1,0.577836,0.1,0.1,0.424517,0.1,0.1,0.1,0.1,0.1,0.1,0.1,0.1,0.1,0.1,0.1,0.1,0.1,0.1,0.1,0.1,0.1,0.1,0.1,0.1,0.1,0.1,0.1,0.1,0.1,0.1,0.1,0.1,0.1,0.1,0.1,0.1,0.1,0.1,0.1,0.1,0.1,0.1,0.1,0.1,0.1,0.1,0.1,0.1,0.1,0.1,0.1,0.1,0.1,0.1,0.1,0.1,0.1,0.1,0.1,0.1,0.1,0.1,0.1,0.1,0.1,0.1,0.1,0.1,0.1,0.1,0.1,0.1,0.1,0.1,0.1,0.1,0.1,0.1,0.1,0.1,0.1,0.1,0.1,0.1,0.1,0.1,0.1,0.1,0.1,0.1,0.1,0.1,0.1,0.1,0.1,0.1,0.1,0.1,0.1,0.1,0.1,0.1,0.1,0.1,0.1,0.1,0.1,0.81444,0.1,24.5707,40.4535,22.0648,37.4961,55.446,21.7325,36.4872,24.9888,17.0012,29.7576,42.7619,38.491,33.3691,32.537,15.6753,12.9256,22.252,32.7123,30.4065,32.6867,39.8153,39.339,39.0435,33.941,46.8315,47.2505,19.295,39.8747,29.9264,30.4304,32.3794,46.6215,24.4557,32.0479,28.0366,20.0523,35.3049,34.4578,31.8561,22.5661,23.9222,25.9174,36.9643,34.4006,24.8085,45.7487,14.4811,52.8112,38.9036,12.1093,32.9084,38.5398,20.9226,48.8205,38.0227,23.1446,24.8411,33.6296,34.3385,31.8651,26.1942,34.1558,36.1459,21.7188,54.0024,25.2526,32.6904,31.857,30.0567,27.3762,30.01,33.2628,24.2665,25.9685,41.04
Cnp,0.1,9.64076,2.22086,3.44167,0.931872,3.41325,0.1,0.1,0.1,4.31898,0.1,2.04172,0.1,2.25745,0.1,0.1,1.1051,0.1,0.1,0.545547,0.1,0.1,1.06453,0.1,0.1,2.4574,1.76712,0.1,1.82656,0.1,0.1,0.1,1.56126,0.1,0.619502,1.68976,1.83993,0.1,0.1,0.1,1.26071,0.518582,0.1,0.896754,0.1,2.07676,0.523204,0.1,0.1,0.1,0.577836,0.1,1.41172,0.424517,0.1,0.1,0.49343,0.1,1.30386,0.1,0.1,0.1,1.0627,0.1,1.27384,0.1,0.1,0.1,0.1,0.1,0.930117,0.1,0.1,0.1,0.1,0.1,0.1,0.1,0.1,0.1,0.1,0.1,0.1,0.1,0.1,0.1,0.1,0.1,1.63191,1.12973,0.1,0.1,0.1,0.1,0.1,0.1,0.1,1.40568,0.1,0.1,0.1,0.1,0.1,0.1,0.1,0.1,0.1,0.1,0.1,0.1,0.1,0.1,0.1,0.1,0.1,0.1,0.1,0.1,0.1,0.989152,0.1,0.1,0.1,0.937007,0.1,0.1,0.1,0.1,0.1,0.1,0.1,0.890479,0.1,0.1,0.1,0.1,0.1,0.1,1.17761,0.1,0.1,0.1,0.1,0.1,0.1,0.1,0.1,0.1,0.1,0.1,0.1,0.1,0.1,0.1,0.1,0.1,0.1,0.1,0.1,36.5165,39.3806,45.5456,38.9645,42.4249,36.8003,47.7076,29.4561,29.365,32.0135,42.1558,33.4023,38.8191,41.5719,27.7262,32.6479,35.6827,35.5566,27.7704,35.4442,32.5179,41.7054,17.7573,42.7965,50.8181,33.3962,33.9009,33.8219,30.6316,33.2079,43.4511,35.2518,23.4319,30.7537,36.3735,30.3801,35.3049,34.4578,52.97,42.3018,30.9821,41.7272,18.9001,38.0122,25.8517,39.7992,28.507,29.577,42.3322,22.9395,31.6689,46.25,27.5147,47.9932,33.0731,31.6994,41.8279,28.8761,28.1339,43.1885,46.797,23.6451,36.1459,37.0598,48.632,49.6946,31.536,29.9273,34.4864,42.6262,37.1401,38.9,29.345,38.336,42.9807
Cntn1,12.6823,9.64076,14.1926,7.69415,12.9335,17.2141,12.67,10.3006,12.0253,14.0619,16.0596,0.1,1.97909,1.17661,1.24506,2.34628,1.1051,0.1,0.1,0.545547,0.1,1.6172,0.1,0.1,0.1,1.27639,1.76712,1.30112,0.1,0.1,0.1,0.1,0.1,0.1,0.1,0.1,0.1,0.1,0.1,0.1,0.1,0.1,0.1,0.1,0.1,0.1,0.1,0.1,0.1,0.1,0.1,0.595739,0.1,0.424517,0.1,0.1,0.1,0.1,0.1,0.1,0.1,0.1,0.1,0.1,0.1,0.1,1.02533,0.1,0.1,0.1,0.1,0.1,0.1,0.1,0.1,0.1,0.1,0.1,0.1,0.1,0.1,0.1,0.1,0.1,0.1,0.1,0.1,0.1,0.1,0.1,0.1,0.1,0.1,0.1,0.1,0.1,0.1,0.1,0.1,0.1,0.1,0.1,0.1,0.1,0.1,0.1,0.1,0.1,0.1,0.1,0.1,0.1,0.1,0.1,0.1,0.1,0.1,0.1,2.14463,0.1,0.1,0.1,2.64348,0.1,0.1,0.1,0.1,0.1,0.1,0.1,3.80558,0.1,0.1,0.1,0.1,0.1,0.1,0.1,0.1,0.1,0.1,0.1,0.1,0.1,0.1,0.1,0.1,0.1,0.1,0.1,0.1,0.1,0.1,0.1,0.1,0.1,0.1,0.1,0.1,0.1,0.1,0.1,0.1,0.1,0.1,0.1,0.1,0.1,0.1,0.1,0.1,0.1,0.1,0.1,1.24296,0.1,0.1,0.1,0.1,0.1,0.709742,1.10575,0.1,1.24743,0.791008,0.1,1.1589,0.1,1.36101,0.1,0.1,0.1,0.1,0.1,0.600246,0.1,0.1,0.1,1.37965,0.1,0.1,0.1,0.1,0.1,0.1,0.1,0.1,0.1,3.06676,1.20858,0.1,4.13122,0.1,0.1,0.1,0.1,0.1,0.1,0.1,0.1,0.1,1.19299,0.1,0.1,1.98895,0.1,0.1,0.1,0.1,0.1,0.1,3.60201,0.1,0.1
Cpe,5.11145,4.38484,10.8747,3.44167,2.60545,0.923434,3.37849,9.26201,0.1,5.38419,4.68124,6.96372,23.1496,12.181,27.6416,9.19279,13.4835,31.046,8.44531,12.7878,12.1487,18.7105,10.9233,23.4661,21.3837,18.2484,11.9092,14.8334,11.3952,26.1455,53.9298,61.8767,63.6633,9.32653,7.56485,41.215,3.59361,11.9905,17.4473,1.73533,4.77033,1.36069,4.99623,0.1,3.74066,17.9868,10.2791,3.2082,3.79612,2.43653,2.02267,4.12132,1.85241,2.06643,1.96101,0.8179,2.8869,4.01748,3.7258,0.1,3.89291,0.1,1.0627,8.31952,7.21293,3.99991,3.82324,1.74884,2.00586,1.74038,3.44014,9.34986,1.33475,5.06359,4.17457,1.35835,2.58877,1.49793,1.1152,0.1,4.38793,2.63805,1.46385,4.24224,3.61924,0.1,1.60776,3.39422,3.16984,2.16351,3.89553,3.67851,3.58933,5.09977,7.71817,5.42212,2.53002,2.71649,3.90716,3.32214,4.5358,0.1,6.01169,2.2784,0.1,0.1,1.92567,0.1,1.41992,3.26436,1.46621,3.809,1.65471,0.1,7.43072,3.15022,2.85092,4.79864,1.12031,2.77797,1.22298,3.56432,7.79109,2.62092,1.7459,1.42688,1.76815,7.65212,2.89986,1.09692,5.66932,3.28065,1.07153,1.29738,5.82866,4.15277,3.64528,2.79867,2.25945,3.15947,1.55386,3.56896,1.495,7.26319,2.00027,0.953783,5.60408,0.693492,2.28364,1.67303,10.4985,5.50001,2.70783,0.1,1.69009,3.63743,0.1,1.53169,3.10285,0.1,0.1,2.76932,0.1,2.05388,1.14084,0.1,0.881533,2.68347,0.1,2.12631,0.1,0.1,0.1,1.1096,2.39041,0.1,0.1,0.1,0.1,1.24445,0.709742,0.1,0.1,0.672589,0.1,0.801482,0.1,0.1,1.36101,0.1,0.1,1.95896,0.1,0.1,0.1,1.98993,1.40861,3.00996,1.37965,0.1,2.46577,0.1,0.849151,0.1,1.75661,3.5871,0.1,0.1,9.07101,0.1,0.1,3.11745,0.707151,0.1,0.1,1.17766,0.1,0.1,0.1,0.1,0.1,1.19299,1.26057,0.1,0.1,2.15077,0.1,0.1,3.64306,1.60276,0.1,1.26276,2.17419,2.47917
Cspg4,17.5533,2.66075,9.77767,6.83681,4.29231,9.34004,13.5356,12.3904,12.0253,5.38419,10.3007,0.1,0.1,0.1,0.1,0.1,0.1,0.1,0.1,0.1,0.1,0.1,0.1,0.1,0.1,0.1,0.1,0.1,0.1,0.1,0.1,0.1,0.1,0.1,0.1,0.1,0.1,0.1,0.1,0.1,0.1,0.1,0.1,0.1,0.1,0.1,0.1,0.1,0.1,0.1,0.1,0.1,0.1,0.1,0.1,0.1,0.1,0.1,0.1,0.1,0.1,0.1,0.1,0.1,0.1,0.1,0.1,0.1,0.1,0.1,0.1,0.1,0.1,0.1,0.1,0.1,0.1,0.1,0.1,0.1,0.1,0.1,0.1,0.1,0.1,0.1,0.1,0.1,0.1,0.1,0.1,0.1,0.1,0.1,0.1,0.1,0.1,0.1,0.1,0.1,0.1,0.1,0.1,0.1,0.1,0.1,0.1,0.1,0.1,0.1,0.1,0.1,0.1,0.1,0.1,0.1,0.1,0.1,0.1,0.1,0.1,0.1,0.1,0.1,0.1,0.1,0.1,0.1,0.1,0.1,0.1,0.1,0.1,0.1,0.1,0.1,0.1,0.1,0.1,0.1,0.1,0.1,0.1,0.1,0.1,0.1,0.1,0.1,0.1,0.1,0.1,0.1,0.1,0.1,0.1,0.1,0.1,0.1,0.1,0.1,0.1,0.1,0.1,0.1,0.1,0.1,0.1,0.1,0.1,0.1,1.22527,0.1,0.1,0.1,1.24296,0.1,0.1,0.1,0.1,0.1,0.1,0.1,0.1,0.1,0.1,0.1,0.1,0.1,0.1,0.1,0.1,0.1,0.1,0.1,0.1,0.1,0.1,0.1,0.1,0.1,0.1,0.1,0.1,0.1,0.1,0.1,0.1,0.1,1.58047,0.1,0.1,0.1,0.1,0.1,0.1,0.1,0.1,0.1,0.1,0.1,0.1,0.1,0.1,0.1,0.1,0.1,0.1,0.1,0.1,0.1,0.1,0.1,0.1,0.1
Dcx,0.1,1.80381,2.22086,0.1,0.1,0.923434,0.1,1.10196,0.1,0.1,1.92167,0.1,0.1,0.1,0.1,0.1,0.1,0.1,0.1,0.1,0.1,0.1,0.1,0.1,0.1,0.1,0.1,0.1,0.1,0.1,0.1,0.1,0.1,0.1,0.1,0.1,0.1,0.1,0.1,0.1,0.1,0.1,0.1,0.1,0.1,0.1,0.1,0.872473,1.32233,1.84894,0.1,1.59308,0.972757,0.424517,1.96101,4.45016,0.1,9.00271,4.94395,1.85094,5.80058,4.86555,3.9736,5.28867,10.8337,7.94633,3.82324,5.92842,7.81481,3.39373,4.28346,2.71675,0.1,5.06359,2.81104,3.88993,2.58877,5.72485,7.29125,8.79748,7.2749,3.91458,0.1,3.20055,7.18045,16.1808,3.12145,5.05107,6.26395,8.45297,7.72107,1.88574,3.58933,7.62949,12.8992,4.08371,3.75953,6.68012,5.822,8.20323,4.5358,2.94704,10.8265,14.575,4.66387,8.04015,11.1628,3.85395,10.8069,12.9091,6.98517,13.2108,1.65471,1.98242,5.95297,10.4104,4.70304,5.98495,5.24197,4.58098,5.75935,3.56432,3.92274,5.1719,6.72261,5.43897,5.12415,11.4733,2.89986,3.10255,9.41901,1.68406,4.99615,4.91791,7.75331,4.15277,7.23285,4.15599,7.73336,0.1,8.90975,6.20702,9.98165,1.52138,3.908,9.6806,6.99375,1.88749,3.75384,1.67303,11.4669,4.41145,4.01946,5.39519,6.5366,4.82589,3.84356,3.70049,9.25424,0.1,0.1,0.1,1.41321,0.1,0.1,0.1,0.1,0.1,0.1,0.1,0.1,0.1,0.1,0.1,0.1,0.1,0.1,0.1,0.1,0.1,0.1,0.1,0.1,0.1,0.1,0.1,0.1,0.1,0.1,0.1,0.1,0.1,0.1,0.1,0.1,0.1,0.1,0.1,0.1,0.1,0.1,0.1,0.1,0.1,0.1,0.1,0.1,0.1,0.1,0.1,0.1,0.1,0.1,0.1,0.1,0.1,0.1,0.1,0.1,0.1,0.1,0.1,0.1,0.1,0.1,0.1,0.1,0.1,0.1,0.1,0.1,0.1,0.1,0.1
Dio2,1.75064,0.1,0.1,0.1,0.1,0.1,0.1,0.1,0.1,0.1,0.1,0.1,7.6609,3.34256,1.24506,5.74908,0.1,1.9767,3.25848,0.545547,3.07651,3.14036,9.9195,0.1,1.07325,1.27639,8.50162,3.71757,2.98901,0.1,0.1,0.1,0.1,0.1,0.1,0.893321,0.1,1.64452,0.1,0.1,0.1,0.518582,0.1,0.896754,0.1,0.591279,0.1,0.1,0.1,0.1,0.1,0.1,0.1,0.424517,0.1,0.1,0.49343,0.1,0.1,0.1,0.1,0.1,0.1,0.1,0.1,0.1,0.1,0.1,0.1,0.1,0.1,0.1,0.1,0.1,0.1,0.1,0.1,0.1,0.1,0.1,0.1,0.1,0.1,0.1,0.1,0.1,0.1,0.1,0.1,0.1,0.1,0.1,0.1,0.1,0.1,0.1,0.1,0.1,0.1,0.1,0.1,0.1,0.1,0.1,0.1,0.1,0.1,0.1,0.1,0.1,0.1,0.1,0.1,0.1,0.1,0.1,0.1,0.1,0.1,0.1,0.1,0.1,0.1,0.1,0.1,0.1,0.1,0.1,0.1,0.1,0.1,0.1,0.1,0.1,0.1,0.1,0.1,0.1,0.1,0.1,0.1,0.1,0.1,0.1,0.1,0.953783,0.1,0.1,0.1,0.1,0.1,0.1,0.1,0.1,0.1,0.1,0.1,0.1,0.1,0.1,0.1,0.1,0.1,0.1,0.1,0.1,0.1,0.1,0.1,0.1,0.1,0.1,0.1,0.1,1.24296,0.1,0.1,0.1,0.1,0.1,0.1,0.1,0.1,0.1,0.791008,0.1,0.1,0.1,0.1,0.1,0.1,0.1,0.1,0.1,0.1,0.1,0.1,0.1,0.1,0.1,0.1,0.1,0.1,0.1,0.1,0.1,0.1,0.1,0.1,0.1,0.1,0.1,0.1,0.1,0.1,0.1,0.1,0.1,0.1,0.1,0.1,0.1,0.1,0.1,0.1,0.1,0.1,0.1,0.1,0.1,0.1,0.1,0.1,0.1
Dlx6os1,0.1,0.1,0.1,0.1,0.1,0.1,0.1,0.1,0.1,0.1,0.1,0.1,0.1,0.1,0.1,0.1,0.1,0.1,0.1,0.1,0.1,0.1,0.1,0.1,0.1,0.1,0.1,0.1,0.1,0.1,0.1,0.1,0.1,0.1,0.1,0.1,0.1,0.1,0.1,0.1,0.1,0.1,0.1,0.1,0.1,0.1,0.1,0.1,0.1,2.43653,0.1,0.1,1.41172,0.1,1.96101,5.18533,0.1,5.9996,4.94395,5.37353,7.71581,4.86555,10.9028,5.28867,7.21293,11.9404,7.60605,5.92842,3.92679,3.39373,4.28346,4.03287,6.32267,5.06359,1.45286,7.72508,3.84051,12.8828,11.4919,16.6411,20.5575,5.19616,1.46385,3.20055,5.98865,21.6716,6.16679,5.05107,4.71384,10.5833,5.80452,1.88574,7.10624,8.90195,18.1652,4.08371,2.53002,9.34894,11.6123,6.56975,5.65576,5.82804,9.6155,8.91804,15.5269,4.84527,11.1628,2.59771,6.75187,3.26436,4.21478,0.1,3.21553,9.58664,1.55462,2.12948,4.70304,9.57246,9.42985,1.8818,3.4822,12.3459,1.36925,5.1719,1.7459,10.8634,5.12415,3.86119,7.14125,1.09692,18.9255,1.68406,3.02608,0.1,3.91159,2.79653,4.83639,1.44669,9.95377,4.18736,1.55386,12.4882,8.5531,7.26319,13.5608,12.3682,15.4498,12.435,5.2358,6.46753,19.3597,6.59291,4.01946,4.32777,5.72076,15.7394,5.72642,5.89538,13.2021,0.1,0.1,0.1,0.1,0.1,0.1,0.1,0.1,0.1,0.1,0.1,0.1,0.1,0.1,1.1096,0.1,0.1,0.1,0.1,0.1,0.1,0.1,0.1,0.1,0.1,0.1,0.1,0.1,0.1,0.1,0.1,0.1,0.1,0.1,0.1,0.1,0.1,0.1,0.1,0.1,0.1,0.1,0.1,0.1,0.1,0.1,0.1,0.1,0.1,0.1,0.1,0.1,0.1,0.1,0.1,0.1,0.1,0.1,0.1,0.1,0.1,0.1,0.1,0.1,0.1,0.1,0.1,0.1,0.1,0.1,0.1,0.1,0.1,0.1,0.1
Dnajb1,0.648053,0.1,0.1,0.930496,0.931872,0.1,0.1,0.1,0.1,0.1,0.1,0.1,0.1,2.25745,0.1,0.1,0.1,0.1,0.1,0.1,0.1,1.6172,0.1,1.6146,0.1,0.1,0.1,0.1,0.1,2.74894,0.1,0.1,0.1,0.1,4.85038,0.1,8.93939,0.1,2.42744,0.1,1.26071,0.518582,0.440744,20.1395,2.27577,0.1,0.523204,0.872473,1.32233,0.680691,0.577836,1.09343,1.85241,0.1,1.96101,2.98862,2.08273,0.1,0.1,0.1,1.99274,0.1,0.1,0.1,0.1,1.39487,0.1,1.74884,0.1,0.1,0.930117,0.1,1.33475,0.1,0.1,0.1,1.34194,0.1,0.1,0.1,0.1,0.1,0.1,2.16297,0.1,0.1,1.60776,0.1,1.63191,1.12973,0.1,0.1,0.1,0.1,0.1,0.1,0.703926,1.40568,0.1,0.1,0.1,0.1,1.27305,0.1,0.1,0.1,0.1,0.1,0.1,0.1,1.46621,0.1,0.1,0.1,0.1,0.1,0.1,0.1,0.1,0.1,0.1,0.1,0.1,1.7773,1.7459,0.1,0.1,0.1,0.1,0.1,0.1,1.68406,1.07153,1.29738,0.1,0.1,1.27712,0.1,0.1,3.15947,0.1,0.962133,0.1,0.1,0.1,0.1,0.1,0.1,0.1,0.1,0.1,1.17151,1.40136,0.1,1.69009,0.1,0.1,0.1,0.84629,0.1,0.1,0.1,0.1,0.1,0.1,0.1,0.1,0.957776,0.1,0.1,0.1,0.1,1.23907,1.1096,0.1,0.1,0.1,0.1,0.1,0.1,0.1,1.10575,0.737887,0.1,0.1,0.1,0.1,0.1,0.1,1.32945,1.06548,0.1,0.1,0.1,0.1,0.1,0.1,0.1,0.1,0.1,1.28057,1.63266,0.1,0.1,0.1,0.1,0.1,0.1,0.1,1.20858,0.1,1.10187,0.1,0.1,0.1,0.1,1.56046,0.1,0.1,0.1,0.1,0.1,0.1,0.1,0.1,0.1,0.1,0.1,0.1,0.1,0.1,0.1,0.788683,0.889946
Dpysl3,3.98219,5.25204,4.35848,1.76426,0.1,1.7501,5.0373,2.10785,0.1,0.1,2.83789,0.1,0.1,0.1,0.1,0.1,0.1,0.1,0.1,0.1,0.1,0.1,0.1,0.1,0.1,0.1,0.1,0.1,0.673261,0.1,0.1,1.38207,0.1,0.1,2.19032,1.68976,2.71503,0.1,0.56183,0.91606,3.59584,1.36069,1.81721,0.1,3.00676,2.57585,5.29117,8.76819,6.94462,3.61873,12.6456,17.5799,5.89926,14.187,13.788,13.4728,8.27696,5.9996,3.7258,19.748,15.4535,3.27078,20.1085,4.53857,2.45228,11.9404,10.4834,4.2466,11.766,11.8624,6.83373,5.35419,2.57436,5.06359,1.45286,11.6065,14.0363,14.3318,11.4919,14.3771,11.6488,3.91458,8.36434,9.5135,7.18045,5.39659,6.16679,15.1318,4.71384,6.33974,3.89553,9.09945,14.2246,11.4623,12.8992,14.9424,18.6514,14.7515,11.6123,14.8029,6.78018,3.90356,2.4507,8.91804,4.66387,11.2606,9.30067,10.2106,9.4498,12.9091,4.21478,9.42762,12.7115,7.67429,8.91438,6.23682,2.85092,4.79864,2.14463,12.8764,15.0531,1.82876,6.49651,12.1272,6.72261,2.75897,8.50679,3.86119,8.56633,6.14091,5.66932,3.28065,7.98087,2.49947,5.82866,12.4045,6.03223,12.4143,15.5844,11.4989,11.8934,4.44481,8.5531,4.38094,13.5608,9.6806,12.6084,8.00271,7.4812,10.5524,15.3804,9.89804,7.98568,11.8904,15.7344,9.62741,5.72642,7.37344,12.406,0.1,0.1,0.1,0.1,0.1,0.1,0.1,0.881533,0.1,0.1,0.1,0.1,0.1,0.1,0.1,0.1,0.1,0.1,0.1,0.1,0.1,0.1,0.1,0.1,0.1,0.1,0.1,0.1,0.1,0.1,0.1,0.1,0.1,0.1,0.1,0.1,0.1,0.1,0.1,0.1,0.1,0.1,0.1,0.1,0.1,0.1,0.1,0.1,0.1,0.1,0.1,0.1,0.1,0.1,0.1,0.1,0.1,0.1,0.1,0.1,0.1,0.1,0.1,0.1,0.1,0.1,0.1,0.1,0.1,0.1,0.1,0.1,0.1,0.1,0.1
Egfr,0.1,0.1,0.1,0.1,0.1,0.1,0.1,0.1,0.1,0.1,0.1,3.01832,1.97909,1.17661,1.24506,2.34628,0.1,0.1,2.62178,2.34538,0.1,0.1,2.03285,0.1,1.07325,0.1,0.1,0.1,1.24878,0.1,0.1,0.1,0.1,8.65,7.0175,4.90718,10.7503,10.363,6.24955,3.38358,7.13337,6.1147,7.92288,2.49968,7.45458,3.07694,5.29117,0.872473,0.1,0.1,2.99548,3.61162,0.972757,1.73544,3.37626,0.1,8.27696,0.1,0.1,0.1,0.1,0.1,0.1,0.1,0.1,0.1,1.02533,0.1,0.1,0.1,0.1,0.1,0.1,0.1,2.81104,0.1,2.58877,0.1,0.1,0.1,0.1,1.36654,0.1,0.1,0.1,0.1,0.1,1.74388,0.1,0.1,0.1,0.1,0.1,0.1,1.35721,0.1,0.1,0.1,0.1,0.1,0.1,0.1,1.27305,0.1,0.1,0.1,0.1,0.1,0.1,0.1,0.1,1.95086,0.1,0.1,0.1,0.1,0.1,0.1,0.1,0.1,0.1,0.1,0.1,0.1,0.1,0.1,0.1,0.1,0.1,0.1,0.1,0.1,0.1,0.1,0.1,0.1,0.1,0.1,0.1,0.1,0.1,0.1,0.1,0.1,0.1,0.1,0.1,0.1,0.1,0.1,0.1,1.17151,0.1,0.1,0.893488,1.27451,0.1,0.1,0.1,0.1,0.1,0.1,0.1,0.1,0.1,0.1,0.1,0.1,0.1,0.1,0.1,0.1,0.1,0.1,0.1,0.1,0.1,0.1,0.1,0.1,0.1,0.1,0.1,0.1,0.1,0.1,0.1,0.1,0.1,0.1,0.1,0.1,0.1,0.1,0.1,0.1,0.1,0.1,0.1,0.1,0.1,0.1,0.1,0.1,0.1,0.1,0.1,0.1,0.1,0.1,0.1,0.1,0.1,0.1,0.1,0.1,0.1,0.1,0.1,0.1,0.1,0.1,0.1,0.1,0.1,0.1,0.1,0.1,0.1,0.1,0.1,0.1,0.1,0.1
Egr1,9.13715,0.1,2.22086,0.1,1.76701,0.1,0.914795,0.1,8.58422,6.45365,1.00905,0.1,0.1,0.1,0.1,0.1,0.1,0.1,0.726731,0.1,0.1,1.6172,0.1,0.1,0.1,0.1,0.1,0.1,0.1,0.1,0.1,0.1,0.1,3.33594,14.8938,0.1,24.8252,0.1,2.89849,0.91606,2.42597,4.36142,6.44726,20.1395,1.54766,0.1,0.1,15.3204,1.32233,2.43653,16.4024,6.70107,12.9893,0.424517,16.9395,0.1,8.27696,4.01748,9.86541,0.1,3.89291,1.68228,0.1,4.53857,0.1,6.62562,2.88692,0.922803,4.89298,0.918582,0.1,0.1,0.1,1.74804,0.1,0.1,0.1,0.1,0.1,4.41422,0.1,1.36654,2.83306,1.12946,0.1,0.1,0.1,0.1,0.1,0.1,3.89553,0.1,0.1,2.59004,5.15865,0.1,0.1,0.1,3.90716,0.1,3.42029,2.94704,1.27305,1.18707,0.1,4.84527,3.75852,0.1,0.1,0.1,0.1,0.1,0.1,1.98242,4.48106,0.1,8.45198,3.61702,0.1,0.989152,0.1,0.1,1.36925,2.62092,1.7459,5.43897,1.76815,0.1,1.49718,0.1,0.1,0.890479,2.04688,0.1,0.1,0.1,7.23285,0.1,0.1,0.1,1.55386,0.962133,0.1,0.1,5.82326,3.53537,0.1,0.1,0.825025,0.884973,6.66418,1.17151,0.1,0.1,2.48984,0.1,1.96811,0.1,3.10285,0.1,0.1,0.1,0.1,0.1,0.1,0.1,0.1,1.81892,1.10212,0.1,0.1,1.31582,0.1,2.12316,2.39041,0.1,0.1,0.1,0.1,0.1,0.1,0.1,0.737887,0.1,0.1,1.50572,0.1,0.1,0.1,0.1,3.98479,0.1,0.1,1.00945,0.600246,1.98993,0.1,0.1,0.1,0.1,0.1,0.1,0.1,0.1,0.1,0.1,0.1,0.1,1.58047,0.1,0.1,0.1,0.1,0.1,0.1,0.1,1.56046,0.1,0.1,0.1,0.1,0.1,0.1,0.1,7.70059,0.1,0.1,1.07521,0.1,0.1,0.1,0.1,0.1,0.1
Fabp7,2.3052,1.80381,2.22086,0.1,11.1769,0.1,4.20624,1.10196,0.1,1.14853,1.00905,1.06896,1.97909,1.17661,3.54872,1.22094,2.11414,0.1,3.89772,0.992845,0.1,1.6172,0.1,0.1,2.05032,3.64307,3.44079,0.1,1.82656,0.1,5.79324,1.38207,0.829197,4.64841,5.92952,3.29209,16.2736,4.77039,9.69857,3.38358,0.1,1.78425,2.86404,4.92798,1.54766,36.2103,1.37462,9.57542,1.32233,1.84894,1.05755,1.59308,0.972757,0.750309,0.1,5.18533,2.8869,0.1,0.1,0.1,1.99274,0.1,0.1,0.1,0.1,0.1,0.1,0.1,0.1,0.1,0.1,0.1,0.1,0.1,0.1,0.1,0.1,0.1,0.1,0.1,0.1,0.1,0.1,0.1,0.1,0.1,0.1,0.1,0.1,0.1,0.1,0.1,0.1,0.1,0.1,0.1,0.703926,1.40568,0.1,0.1,4.5358,0.1,0.1,1.18707,0.1,0.1,1.92567,1.3464,0.1,1.67908,0.1,0.1,0.1,0.1,0.1,0.1,1.93034,0.1,0.1,0.1,0.1,0.1,0.1,0.1,0.1,0.1,0.1,0.1,0.1,3.10255,0.1,0.1,0.1,0.1,0.1,0.1,0.1,0.1,0.1,0.1,0.1,1.82765,0.1,1.52138,0.1,0.1,0.1,0.1,2.28364,0.1,0.1,2.24724,1.40136,0.1,0.1,0.1,0.1,0.1,0.1,0.1,0.1,0.1,0.1,0.1,0.1,0.1,0.1,0.1,0.1,0.1,0.1,0.1,0.1,1.1096,0.1,0.1,0.1,0.1,0.1,0.1,0.1,0.1,0.1,0.672589,0.1,0.1,0.1,0.1,0.1,0.1,0.1,0.1,0.1,0.1,0.1,0.1,0.1,1.55212,0.1,0.1,0.1,0.1,0.1,0.1,0.1,0.1,0.1,0.1,1.58047,0.1,0.1,0.1,0.1,0.1,0.1,0.1,0.1,0.1,0.1,0.1,0.1,0.1,0.1,0.1,0.1,0.1,0.1,0.1,0.1,0.1,0.1,0.1,0.1,0.889946
Fars2,0.1,0.1,0.1,0.1,0.931872,0.1,0.1,0.1,0.1,2.20118,0.1,0.1,0.1,0.1,1.24506,0.1,0.1,0.1,1.35592,0.1,0.1,1.6172,0.1,0.1,0.1,1.27639,0.1,0.1,0.1,1.42188,7.706,0.1,1.56126,0.1,0.1,0.893321,0.1,0.1,0.1,0.1,0.1,0.518582,0.1,0.1,0.1,0.1,0.1,0.1,0.1,0.680691,0.1,0.1,0.535523,0.1,0.1,0.1,0.1,0.1,0.1,0.1,0.1,0.1,0.1,0.1,0.1,0.1,0.1,0.1,0.1,0.1,0.1,0.1,0.1,0.1,0.1,0.1,0.1,0.1,0.1,0.1,0.1,0.1,0.1,0.1,0.1,0.1,0.1,0.1,1.63191,0.1,0.1,0.1,0.1,0.1,0.1,0.1,0.1,0.1,0.1,0.1,0.1,0.1,0.1,1.18707,0.1,0.1,0.1,0.1,0.1,0.1,0.1,0.1,0.1,0.1,0.1,0.1,0.1,0.1,1.12031,0.1,0.1,0.1,0.1,0.1,0.1,0.1,0.1,0.1,0.1,0.1,0.1,0.1,0.1,0.1,0.1,0.1,0.1,0.1,0.1,0.1,0.1,0.1,0.1,0.1,0.1,0.953783,0.1,0.693492,0.1,0.1,0.1,0.1,0.1,0.1,0.1,0.1,0.1,0.1,0.1,0.1,0.1,0.1,0.1,1.07502,0.1,0.1,0.1,0.1,0.1,0.502078,0.1,0.1,0.1,0.1,0.1,0.1,0.1,0.1,0.1,0.1,0.1,0.1,0.1,0.1,0.1,0.1,0.1,0.1,0.1,0.1,0.1,0.1,0.1,1.00945,0.1,0.1,0.1,0.1,0.1,0.1,0.1,0.1,0.1,1.0411,0.1,0.1,0.1,0.1,0.1,0.1,0.1,0.1,0.707151,0.1,0.1,0.1,0.1,0.1,0.1,0.1,0.1,0.1,0.1,0.1,0.1,0.1,0.1,0.1,0.1,0.849906,0.1,0.1,0.1,0.1
Fbxo2,0.1,0.1,0.1,0.1,0.1,0.1,0.1,0.1,0.1,0.1,0.1,2.04172,0.1,0.1,0.1,1.22094,0.1,1.9767,0.1,0.992845,0.1,0.1,1.06453,0.1,3.03125,1.27639,0.1,3.71757,1.82656,2.74894,0.1,9.18171,5.26535,0.742103,0.1,2.48934,0.1,0.1,1.49095,0.1,0.1,0.1,0.440744,0.1,0.822411,0.591279,0.1,0.1,0.1,0.1,0.1,0.1,0.1,0.1,0.1,0.1,0.1,0.1,0.1,0.1,0.1,0.1,0.1,0.1,0.1,0.1,0.1,0.1,0.1,0.1,0.1,0.1,0.1,0.1,0.1,0.1,0.1,0.1,0.1,0.1,0.1,0.1,0.1,0.1,0.1,0.1,0.1,0.1,0.1,0.1,0.1,0.1,0.1,0.1,0.1,0.1,0.1,0.1,0.1,0.1,0.1,0.1,0.1,0.1,0.1,0.1,0.1,0.1,0.1,0.1,0.1,0.1,0.1,0.1,0.1,0.1,0.1,0.1,0.1,0.1,0.1,0.1,0.1,0.1,0.1,0.1,0.1,0.1,0.1,0.1,0.1,0.1,0.1,0.1,0.1,0.1,0.1,0.1,0.1,0.1,0.1,0.1,0.1,0.1,0.1,0.1,0.1,0.1,0.1,0.1,0.1,0.1,0.1,0.1,0.1,0.1,0.1,0.1,0.1,0.1,0.1,0.1,0.1,2.05388,0.1,0.1,0.881533,0.1,0.1,0.502078,0.1,0.1,2.38261,1.1096,1.24296,0.1,0.1,0.633906,0.1,0.671103,0.1,1.10575,0.1,0.672589,0.791008,0.1,0.1,1.25327,0.1,0.1,0.1,0.1,2.43966,0.1,0.600246,0.1,1.40861,0.1,0.1,0.1,2.46577,1.63266,0.849151,1.0411,0.1,0.1,0.1,0.1,0.1,1.20858,0.1,2.10767,0.707151,0.1,1.70375,1.17766,0.1,0.1,0.1,0.1,0.1,1.19299,1.26057,0.1,0.1,2.15077,0.1,0.1,0.1,0.1,0.1,0.1,0.788683,0.1
Fos,13.282,0.1,10.8747,0.930496,0.931872,0.1,0.914795,0.1,17.2392,38.2757,1.00905,0.1,0.1,0.1,0.1,0.1,0.1,0.1,0.1,0.1,0.1,0.1,1.06453,0.1,0.1,0.1,0.1,0.1,0.1,0.1,0.1,0.1,0.1,0.1,11.4608,0.1,37.7903,0.1,10.7028,0.1,1.26071,0.1,2.16476,30.0278,6.7058,0.1,2.66443,14.4894,1.9371,3.61873,8.48907,3.10396,2.29486,1.73544,6.25864,0.1,7.85192,3.03231,6.16696,0.1,1.99274,0.1,0.1,1.56786,0.1,0.1,1.02533,0.1,0.1,0.1,1.7635,0.1,0.1,1.74804,0.1,0.1,0.1,2.90135,0.1,2.24862,0.1,0.1,0.1,2.16297,0.1,1.8586,0.1,0.1,0.1,0.1,3.89553,1.88574,0.1,0.1,7.71817,0.1,0.1,0.1,1.99985,0.1,1.20242,1.04529,0.1,0.1,0.1,0.1,1.92567,0.1,1.41992,0.1,0.1,0.1,0.1,1.98242,0.1,0.1,4.70304,0.1,0.1,0.1,0.1,0.1,0.1,0.1,0.1,0.1,1.76815,1.97691,1.49718,0.1,0.1,0.1,4.99615,0.1,0.1,0.1,2.45887,0.1,0.1,0.1,0.1,0.1,0.1,0.1,3.908,1.81092,0.1,0.1,0.1,1.67303,2.89097,0.1,0.1,0.1,0.1,0.1,7.61672,0.1,1.59551,0.1,1.00489,1.43204,10.7525,0.1,0.1,1.3295,0.1,0.957776,0.1,0.502078,0.1,4.99209,2.38261,15.6753,7.02584,5.53909,0.1,0.1,0.1,1.24445,0.709742,0.1,0.1,0.1,1.48473,10.9219,2.22196,0.1,2.62697,0.1,2.03475,0.1,0.1,0.1,0.1,5.79212,0.1,0.1,1.37965,1.75786,8.46267,0.1,0.1,0.1,0.1,0.1,0.1,1.07289,0.1,0.1,8.95839,0.1,0.1,0.1,3.3138,0.1,13.4546,2.33359,0.1,0.1,0.1,1.19299,0.1,0.1,25.2526,0.1,0.1,3.03717,5.42507,0.849906,1.3631,1.26276,0.1,0.1
Foxo1,0.1,0.1,0.1,0.930496,1.76701,0.1,0.1,0.1,0.1,3.25799,0.1,2.04172,0.1,0.1,0.1,1.22094,0.1,1.9767,1.35592,0.992845,1.58533,1.6172,2.03285,0.1,0.1,1.27639,0.1,0.1,0.673261,5.41883,19.3444,5.25868,2.29621,0.1,1.66465,0.1,0.968257,0.870747,3.37142,0.91606,0.1,0.518582,0.1,1.69664,0.822411,5.61282,0.1,1.64798,0.1,0.1,0.577836,0.1,0.1,0.1,0.1,0.8179,0.1,0.1,0.1,0.1,0.1,0.1,0.1,0.1,0.1,0.1,0.1,0.1,2.00586,0.918582,0.1,0.1,0.1,0.1,0.1,0.1,0.1,0.1,0.1,0.1,0.1,0.1,0.1,1.12946,0.1,0.1,0.1,0.1,0.1,0.1,0.1,0.1,0.1,0.1,0.1,0.1,0.1,0.1,0.1,0.1,0.1,0.1,0.1,0.1,0.1,0.1,0.1,0.1,0.1,0.1,0.1,0.1,0.1,0.1,0.1,0.1,0.1,0.1,0.1,0.1,0.1,0.1,1.36925,0.1,1.7459,0.1,0.1,0.1,0.1,0.1,0.1,0.1,0.1,0.1,0.1,0.1,0.1,0.1,0.1,0.1,0.1,0.1,2.89548,0.1,2.00027,0.1,2.8412,0.1,0.1,0.1,0.1,0.1,0.1,0.1,1.69009,0.1,0.1,0.1,0.1,0.1,1.00489,1.43204,0.1,0.1,1.14084,0.1,0.881533,2.68347,0.1,0.905735,0.1,1.31582,0.1,0.1,1.24296,0.1,2.36194,0.1,0.1,0.671103,0.1,0.1,1.37828,0.1,0.791008,0.1,0.1,0.675506,1.36101,1.32945,0.1,0.1,1.26753,1.92248,0.600246,0.1,0.1,1.55212,0.1,0.1,0.1,0.1,0.1,0.1,0.1,2.18399,0.1,0.1,0.1,0.1,1.85775,0.1,0.1,0.1,0.1,1.17766,0.1,1.2146,0.1,0.1,0.1,0.1,0.1,0.1,0.1,0.1,0.1,0.1,0.1,1.60276,0.1,0.1,0.1,0.1
Gjb6,0.1,0.1,0.1,0.1,0.1,0.1,0.1,0.1,0.1,0.1,0.1,5.97146,3.86557,8.83323,5.87067,5.74908,6.19045,0.1,1.35592,2.79982,1.58533,0.1,3.98098,0.1,3.03125,7.2284,0.1,3.71757,1.82656,0.1,0.1,0.1,0.1,0.1,0.1,0.1,0.1,0.1,0.1,0.1,0.1,0.1,0.1,0.1,0.1,0.1,0.1,0.1,0.1,0.1,0.1,0.1,0.1,0.1,0.1,0.1,0.1,0.1,0.1,0.1,0.1,0.1,0.1,0.1,0.1,0.1,0.1,0.1,0.1,0.1,0.1,0.1,0.1,0.1,0.1,0.1,0.1,0.1,0.1,0.1,0.1,0.1,0.1,0.1,0.1,0.1,0.1,0.1,0.1,0.1,0.1,0.1,0.1,0.1,0.1,0.1,0.1,0.1,0.1,0.1,0.1,0.1,0.1,0.1,0.1,0.1,0.1,0.1,0.1,0.1,0.1,0.1,0.1,0.1,0.1,0.1,0.1,0.1,0.1,0.1,0.1,0.1,0.1,0.1,0.1,0.1,0.1,0.1,0.1,0.1,0.1,0.1,0.1,0.1,0.1,0.1,0.1,0.1,0.1,0.1,0.1,0.1,0.1,0.1,0.1,0.1,0.1,0.1,0.1,0.1,0.1,0.1,0.1,0.1,0.1,0.1,0.1,0.1,0.84629,0.1,0.1,0.1,0.1,0.1,0.1,0.1,0.1,0.1,0.1,0.1,0.1,0.1,0.1,0.1,0.1,0.1,0.1,0.1,0.1,0.1,0.1,0.1,0.1,0.1,0.1,0.1,0.1,0.1,0.1,0.1,1.06548,0.1,0.1,0.1,0.1,0.1,0.1,0.1,0.1,0.1,0.1,0.1,0.1,0.1,0.1,0.1,0.1,0.1,1.58047,0.1,0.1,0.1,0.1,0.1,0.1,0.1,0.1,0.1,0.1,0.1,0.1,0.1,0.1,0.1,0.1,0.1,0.1,0.1,0.1,0.1,0.1,0.1,0.1,0.1
Gpr17,3.42096,14.12,3.28756,2.6013,1.76701,23.5488,16.1543,4.13158,10.3013,7.5274,5.60844,0.1,0.1,0.1,0.1,0.1,0.1,0.1,0.1,0.1,0.1,0.1,0.1,0.1,0.1,0.1,0.1,0.1,0.1,0.1,0.1,0.1,0.1,0.1,0.1,0.1,0.1,0.1,0.1,0.1,0.1,0.1,0.1,0.1,0.1,0.1,0.1,0.1,0.1,0.1,0.1,0.1,0.1,0.1,0.1,0.1,0.1,0.1,0.1,0.1,0.1,0.1,0.1,0.1,0.1,0.1,0.1,0.1,0.1,0.1,0.1,0.1,0.1,0.1,0.1,0.1,0.1,0.1,0.1,0.1,0.1,0.1,0.1,0.1,0.1,0.1,0.1,0.1,0.1,0.1,0.1,0.1,0.1,0.1,0.1,0.1,0.1,0.1,0.1,0.1,0.1,0.1,0.1,0.1,0.1,0.1,0.1,0.1,0.1,0.1,0.1,0.1,0.1,0.1,0.1,0.1,0.1,0.1,0.1,0.1,0.1,0.1,0.1,0.1,0.1,0.1,0.1,0.1,0.1,0.1,0.1,0.1,0.1,0.1,0.1,0.1,0.1,0.1,0.1,0.1,0.1,0.1,0.1,0.1,0.1,0.1,0.1,0.1,0.1,0.1,0.1,0.1,0.1,0.1,0.1,0.1,0.1,0.1,0.1,0.1,0.1,0.1,0.1,0.1,0.1,0.1,0.1,0.1,0.1,0.1,0.1,0.1,0.1,0.1,0.1,0.1,0.1,0.1,0.1,0.1,0.1,0.1,0.1,0.1,0.1,0.1,0.1,0.1,0.1,0.1,0.1,0.1,0.1,0.1,0.1,0.1,0.1,0.1,0.1,0.1,0.1,0.1,0.1,0.1,0.1,0.1,0.1,0.1,0.1,0.1,0.1,0.1,0.1,0.1,0.1,1.17766,0.1,0.1,0.1,0.1,0.1,1.19299,0.1,0.1,0.1,0.1,0.1,0.1,0.1,0.1,0.1,0.1,0.1,0.1
Gria2,5.67951,4.38484,7.59694,5.98292,2.60545,4.24978,8.39512,6.17143,5.17042,10.7747,1.92167,8.96025,0.1,5.52569,3.54872,9.19279,10.3325,1.9767,9.10564,5.56523,26.1771,3.14036,14.98,0.1,10.0083,18.2484,5.12106,7.37829,5.34196,0.1,3.88803,1.38207,0.1,0.1,0.1,0.1,6.2504,0.870747,1.95826,0.1,1.26071,0.1,0.1,0.1,3.74066,0.591279,0.523204,1.64798,0.1,3.02645,2.02267,0.1,2.73908,2.06643,0.1,0.1,0.49343,0.1,1.30386,1.85094,0.1,3.27078,1.0627,3.04732,1.27384,1.39487,1.95429,4.2466,2.96443,1.74038,4.28346,2.71675,2.57436,0.1,4.17457,0.1,2.58877,1.49793,0.1,0.1,1.5237,0.1,6.97327,1.12946,2.44154,5.39659,0.1,1.74388,1.63191,3.20137,0.1,1.88574,3.58933,0.1,0.1,1.42269,3.75953,4.03248,1.99985,3.32214,0.1,2.94704,2.4507,3.37405,1.61532,9.64715,0.1,1.3464,5.41096,0.1,8.37865,3.809,1.65471,7.67429,10.404,5.20385,3.77514,1.26774,2.14463,0.989152,4.61852,3.56432,6.49651,0.937007,0.1,1.42688,1.76815,5.75291,4.30807,0.1,5.66932,1.68406,0.1,4.91791,0.1,1.44562,1.27712,1.44669,0.1,2.13563,1.55386,2.69659,2.89548,0.1,0.1,3.53537,1.46791,2.48803,0.1,2.4642,3.82865,3.32721,1.40136,4.32777,0.893488,0.1,1.96811,0.1,5.38643,0.1,0.1,0.1,0.1,0.1,1.14084,0.1,0.1,0.1,0.1,0.1,0.1,0.1,2.38261,0.1,0.1,0.1,0.1,0.633906,0.1,0.1,0.1,0.1,0.1,0.1,0.1,0.1,0.1,1.25327,1.36101,0.1,0.1,0.1,0.1,1.92248,0.1,0.1,0.1,0.1,0.1,0.1,0.1,0.1,0.1,0.1,0.1,0.1,0.1,0.1,4.55891,1.20858,0.1,0.1,0.1,0.1,0.1,2.25955,0.1,0.1,0.1,0.1,0.1,0.1,1.26057,0.1,0.1,0.1,0.1,0.1,0.1,0.1,1.3631,0.1,0.1,0.1
Grm3,0.1,0.1,0.1,0.1,0.1,0.1,0.1,0.1,0.1,0.1,0.1,1.06896,1.97909,3.34256,1.24506,0.1,0.1,3.86078,5.1839,2.79982,10.6215,7.74608,1.06453,1.6146,5.00479,1.27639,1.76712,8.6083,4.75017,0.1,0.1,1.38207,0.1,0.1,0.1,0.1,0.968257,0.1,0.1,0.1,0.1,0.1,0.440744,0.896754,0.1,3.07694,0.1,0.872473,0.1,0.1,0.1,0.1,0.1,0.1,0.1,0.1,0.1,0.1,0.1,0.1,0.1,0.1,0.1,0.1,0.1,0.1,0.1,0.1,0.1,0.1,0.1,0.1,0.1,0.1,0.1,0.1,0.1,0.1,0.1,0.1,0.1,0.1,0.1,0.1,0.1,0.1,0.1,0.1,0.1,0.1,0.1,0.1,0.1,0.1,0.1,0.1,0.1,0.1,0.1,0.1,0.1,0.1,0.1,0.1,0.1,0.1,0.1,0.1,0.1,0.1,0.1,0.1,0.1,0.1,0.1,0.1,0.1,0.1,0.1,0.1,0.1,0.1,0.1,0.1,0.1,0.1,0.1,0.1,0.1,0.1,0.1,0.1,0.1,0.1,0.1,0.1,0.1,0.1,0.1,0.1,0.1,0.1,0.1,0.1,0.1,0.1,0.1,0.1,0.1,0.1,0.1,0.1,0.1,0.1,0.1,0.1,0.1,0.1,0.1,4.87735,1.00489,1.43204,1.41321,1.07502,1.14084,1.3295,0.1,0.957776,1.10212,2.12631,2.35496,1.31582,1.23907,1.1096,1.24296,1.90591,1.79311,0.633906,2.58719,0.671103,1.32188,0.1,2.0212,1.24743,2.18119,1.50572,2.22196,1.25327,0.1,1.32945,0.1,0.1,3.6164,1.92248,0.1,0.1,2.72237,3.00996,0.1,1.75786,0.1,0.1,2.35631,3.88669,1.75661,0.791938,0.1,0.1,4.55891,0.1,0.1,0.1,0.707151,1.60778,0.1,7.73371,3.02666,0.1,0.1,0.1,0.1,1.19299,1.26057,1.67992,0.1,2.15077,0.1,2.05426,0.1,2.35858,0.1,0.1,0.788683,0.889946
Hdgf,2.3052,0.1,1.15835,0.930496,8.56897,0.923434,0.1,0.1,5.17042,0.1,1.00905,3.01832,0.1,0.1,0.1,0.1,0.1,0.1,0.1,0.992845,0.1,1.6172,0.1,3.13516,1.07325,0.1,0.1,1.30112,0.1,2.74894,0.1,0.1,3.77486,5.97146,10.336,0.1,3.59361,3.98426,2.42744,1.73533,2.42597,3.92756,4.27968,1.69664,3.00676,1.57964,6.62886,12.0171,10.1581,6.01179,2.99548,8.80338,1.85241,8.62022,5.77333,11.1752,4.92594,4.01748,3.7258,0.1,7.71581,1.68228,3.9736,3.79146,0.1,0.1,8.56129,7.6238,10.7722,4.22533,6.83373,2.71675,2.57436,1.74804,5.54351,15.5354,6.35891,0.1,2.13438,1.1722,0.1,1.36654,4.20767,5.28808,4.80159,0.1,3.12145,5.05107,3.16984,1.12973,3.89553,5.47834,1.84124,5.09977,5.15865,8.11494,4.37798,2.71649,1.99985,9.84324,7.90911,1.99429,1.27305,4.47403,0.1,6.43954,9.30067,11.4973,5.41096,4.85589,2.83779,11.3154,7.93512,0.1,4.48106,8.3152,1.93034,3.61702,1.12031,5.48788,8.05472,1.82876,5.20707,3.46787,6.72261,2.75897,1.76815,0.1,2.89986,10.2493,0.1,1.68406,7.98087,0.1,5.82866,5.51438,1.27712,6.88679,5.53072,4.18736,0.1,0.962133,1.495,1.52138,5.82326,5.27356,2.8412,4.30406,7.4812,6.46753,1.95698,9.89804,4.01946,2.20556,1.69009,2.45364,3.84356,0.1,0.1,1.6862,0.1,0.1,2.73159,1.07502,0.1,6.29622,0.1,1.81892,4.13221,0.905735,0.1,2.53642,0.1,2.12316,0.1,1.90591,1.22652,0.1,1.34116,1.24445,0.1,2.11544,0.1,0.672589,2.88041,0.1,0.1,1.25327,2.62697,1.32945,1.06548,2.89393,1.26753,1.92248,1.10246,3.88728,0.1,0.1,2.66433,1.75786,0.1,0.1,0.1,1.0411,2.87197,0.1,0.1,1.07289,0.1,1.20858,0.1,2.10767,2.54299,0.1,1.70375,0.1,1.56046,0.1,1.36295,1.42435,0.1,1.19299,0.1,1.67992,1.98895,0.1,0.1,2.05426,0.1,0.849906,2.63116,1.26276,1.48007,1.683
Hes6,0.1,0.1,0.1,0.1,0.1,0.1,0.1,0.1,0.1,1.14853,1.00905,0.1,0.1,0.1,0.1,1.22094,0.1,0.1,0.1,0.545547,0.1,1.6172,0.1,0.1,0.1,1.27639,0.1,0.1,0.1,0.1,0.1,0.1,0.1,0.742103,1.14105,7.35421,3.59361,1.64452,1.49095,8.408,1.26071,4.36142,3.9236,0.1,5.21728,1.57964,11.6804,3.2082,1.9371,0.680691,4.46938,3.10396,0.535523,1.73544,4.32926,3.71793,6.16952,0.1,1.30386,0.1,0.1,0.1,1.0627,0.1,0.1,1.39487,1.95429,0.1,1.05106,0.918582,0.930117,0.1,0.1,0.1,0.1,0.1,0.1,1.49793,0.1,3.32928,1.5237,0.1,1.46385,1.12946,0.1,0.1,1.60776,0.1,1.63191,0.1,1.99405,0.1,0.1,2.59004,1.35721,0.1,0.1,0.1,0.1,0.1,3.42029,1.04529,0.1,0.1,0.1,0.1,0.1,3.85395,0.1,1.67908,0.1,0.1,3.21553,0.1,0.1,1.11275,0.1,0.1,1.12031,0.989152,0.1,0.1,1.36925,4.31819,1.7459,0.1,0.1,0.1,0.1,1.09692,0.1,3.28065,0.1,2.49947,0.1,0.1,1.27712,0.1,1.17761,0.1,0.1,0.1,0.1,0.1,0.1,0.1,1.46791,0.693492,1.5529,0.1,1.02667,0.1,0.1,1.15072,0.1,0.1,0.1,0.1,0.84629,0.1,0.1,0.1,1.41321,0.1,0.1,0.1,0.1,0.1,0.1,0.1,0.1,0.1,0.1,0.1,0.1,0.1,0.1,0.1,0.1,0.1,0.1,0.1,0.737887,0.1,0.1,0.1,0.1,0.1,0.1,0.1,0.1,0.1,0.1,0.1,0.1,0.1,0.1,0.1,0.1,0.1,1.28057,1.63266,0.1,1.0411,0.1,0.1,3.96699,0.1,0.1,0.1,0.1,0.1,0.1,0.1,0.1,0.1,0.1,0.1,0.1,0.1,0.1,0.1,0.1,0.1,0.1,0.1,0.1,0.1,0.1,0.1,2.63116,0.1,0.1,0.1
Hmgcs2,0.1,0.1,0.1,0.1,0.1,0.1,0.1,0.1,0.1,0.1,0.1,0.1,0.1,0.1,0.1,0.1,1.1051,0.1,0.1,0.1,0.1,0.1,0.1,1.6146,0.1,0.1,0.1,0.1,0.1,4.08125,1.9903,2.66918,1.56126,0.1,0.1,0.1,0.1,0.1,0.1,0.1,0.1,0.1,0.1,0.1,0.1,0.591279,0.1,0.1,0.1,0.1,0.1,0.1,0.1,0.1,0.1,0.8179,0.1,0.1,1.30386,0.1,0.1,0.1,0.1,0.1,0.1,0.1,0.1,0.1,0.1,0.1,0.1,0.1,0.1,0.1,0.1,0.1,0.1,0.1,0.1,0.1,0.1,0.1,0.1,0.1,0.1,0.1,0.1,0.1,0.1,0.1,0.1,0.1,0.1,0.1,0.1,0.1,0.1,0.1,0.1,0.1,0.1,0.1,0.1,0.1,0.1,0.1,0.1,0.1,0.1,0.1,0.1,0.1,0.1,0.1,0.1,0.1,0.1,0.1,0.1,0.1,0.1,0.1,0.1,0.1,0.1,0.1,0.1,1.97691,0.1,0.1,0.1,0.1,0.1,0.1,0.1,0.1,0.1,0.1,0.1,0.1,0.1,0.1,0.1,0.1,0.1,0.953783,0.1,0.1,0.1,0.1,0.1,0.1,0.1,0.1,0.1,0.1,0.1,0.1,0.1,0.1,0.1,0.1,0.1,0.1,0.1,0.1,0.1,0.957776,0.1,0.1,0.1,0.1,0.1,0.1,0.1,0.1,0.1,0.1,0.1,0.1,0.1,0.1,0.737887,0.1,0.1,0.1,0.1,0.1,0.1,0.1,0.1,0.1,0.1,0.1,0.1,0.1,0.1,0.1,0.1,0.1,0.1,0.1,0.1,0.1,0.1,0.1,0.1,0.1,1.58047,0.1,0.1,0.1,0.1,0.1,0.1,0.1,0.1,0.1,0.1,0.1,0.1,0.1,0.1,0.1,0.1,0.1,0.1,0.1,0.1,0.1,0.1,0.1,0.1,0.1
Hmgn2,0.648053,0.950232,0.1,1.76426,5.14078,0.923434,0.1,1.10196,0.1,3.25799,0.1,3.99879,0.1,1.17661,0.1,3.47606,0.1,0.1,0.1,0.992845,0.1,0.1,0.1,3.13516,0.1,1.27639,0.1,1.30112,1.82656,0.1,11.5544,0.1,1.56126,8.65,14.3154,9.83115,7.14311,0.870747,7.71537,6.7197,16.7784,16.7951,11.3374,8.21145,11.2448,3.07694,12.1515,42.988,50.7221,66.1691,21.9782,33.2819,33.8645,33.557,51.2908,60.674,24.9147,28.9137,35.7281,23.4149,45.625,21.1691,59.5931,46.3001,19.456,34.0968,46.9278,34.8462,39.1452,30.8478,29.3703,30.0791,43.6379,22.0447,37.1191,24.8939,21.9041,17.2475,44.1688,9.90434,19.0575,34.7569,19.6975,32.8843,37.3114,16.1808,38.0224,21.9893,33.6009,22.6189,13.5167,41.0976,10.6512,54.0393,7.71817,27.5905,33.6302,21.6301,21.4189,33.5185,38.9717,27.0188,25.753,10.0402,9.28218,22.7395,40.0251,48.362,12.1695,39.816,39.0054,26.6955,20.8019,27.1489,17.9429,23.3509,29.1874,35.9707,20.2037,30.4354,43.5827,14.1234,14.3427,56.1244,10.0734,29.1171,5.12415,9.55888,24.6295,57.9345,9.41901,31.6282,18.1974,16.0439,37.5771,26.6134,33.6207,33.9712,50.7289,19.0224,17.9335,35.4943,15.7538,48.5935,7.7461,11.4687,31.505,38.2932,42.161,36.0407,18.3586,35.4376,48.982,38.3552,9.00401,30.937,55.3868,18.0692,3.861,0.1,4.6603,2.76932,4.05516,1.07502,2.18576,5.04716,5.63608,3.55144,2.10817,1.71784,0.1,3.76183,3.53066,2.12316,1.24296,3.71892,2.93304,2.24828,0.1,2.97813,2.55342,2.11544,6.59408,4.156,2.88041,5.06903,5.43644,0.675506,1.36101,2.56374,2.03475,1.95896,2.43966,1.92248,1.60665,3.88728,5.36547,1.55212,1.37965,8.45497,6.04958,4.7161,0.849151,1.0411,2.31319,0.1,1.38394,2.0496,0.1,0.1,8.95839,4.13122,1.92863,1.60778,3.3138,3.34571,3.02666,7.99542,1.36295,1.42435,5.0351,2.29028,0.1,3.26604,1.98895,4.21774,0.1,5.01469,3.64306,2.35858,0.1,1.26276,7.11122,1.683
Hopx,0.1,0.1,0.1,0.1,0.1,0.1,0.1,0.1,0.1,0.1,0.1,0.1,0.1,0.1,0.1,0.1,0.1,0.1,0.726731,9.84354,6.07654,1.6172,3.00499,0.1,16.1485,1.27639,0.1,3.71757,0.1,0.1,0.1,0.1,0.1,0.1,0.1,0.1,0.1,0.1,0.1,0.1,0.1,0.1,0.1,0.1,0.1,0.1,0.1,0.1,0.1,0.1,0.1,0.1,0.1,0.1,0.1,0.1,0.1,0.1,0.1,0.1,0.1,0.1,0.1,0.1,0.1,0.1,0.1,0.1,0.1,0.1,0.1,0.1,0.1,0.1,0.1,0.1,0.1,0.1,0.1,0.1,0.1,0.1,0.1,0.1,0.1,0.1,0.1,0.1,0.1,0.1,0.1,0.1,0.1,0.1,0.1,0.1,0.703926,0.1,0.1,0.1,0.1,0.1,0.1,0.1,0.1,0.1,0.1,0.1,0.1,0.1,0.1,0.1,0.1,0.1,0.1,0.1,0.1,0.1,0.1,0.1,0.1,0.1,0.1,0.1,0.1,0.1,0.1,0.1,0.1,0.1,0.1,0.1,0.1,0.1,0.1,0.1,0.1,0.1,0.1,0.1,0.1,0.1,0.1,0.1,0.1,0.1,0.1,0.1,0.1,0.1,0.1,0.1,0.1,0.1,0.1,0.1,0.1,0.1,0.1,0.1,0.1,0.1,0.1,0.1,0.1,0.1,0.1,0.957776,0.1,3.36157,0.1,0.1,0.1,0.1,0.1,0.1,0.1,2.24828,0.1,0.1,1.32188,0.1,0.1,0.1,0.791008,0.1,0.1,0.1,0.1,0.1,0.1,0.1,0.1,0.1,1.60665,0.1,0.1,0.1,0.1,0.1,0.1,0.1,0.1,0.1,0.1,1.4866,0.1,0.1,1.58047,0.1,0.1,0.1,0.1,0.1,0.1,0.1,0.1,0.1,0.1,0.1,0.1,0.1,0.1,0.1,0.1,0.1,0.1,1.07521,0.1,0.1,0.1,0.1,0.1,0.1
Kcnj16,0.1,0.1,0.1,1.76426,0.931872,0.923434,1.73279,0.1,0.1,0.1,0.1,3.99879,0.1,0.1,0.1,0.1,0.1,3.86078,0.1,1.89275,0.1,0.1,2.03285,0.1,0.1,2.4574,6.80799,0.1,0.673261,0.1,0.1,0.1,0.1,0.1,0.1,0.1,0.1,0.1,0.1,0.1,0.1,0.1,0.1,0.1,0.1,0.1,0.1,0.1,0.1,0.1,0.1,0.1,0.1,0.1,0.1,0.1,0.1,0.1,0.1,0.1,0.1,0.1,0.1,0.1,0.1,0.1,0.1,0.1,0.1,0.1,0.1,0.1,0.1,0.1,0.1,0.1,0.1,0.1,0.1,0.1,0.1,0.1,0.1,0.1,0.1,0.1,0.1,0.1,0.1,0.1,0.1,0.1,0.1,0.1,0.1,0.1,0.1,0.1,0.1,0.1,0.1,0.1,0.1,0.1,0.1,0.1,0.1,0.1,0.1,0.1,0.1,0.1,0.1,0.1,0.1,0.1,0.1,0.1,0.1,0.1,0.1,0.1,0.1,0.1,0.1,0.1,0.1,0.1,0.1,0.1,0.1,0.1,0.1,0.1,0.1,0.1,0.1,0.1,0.1,0.1,0.1,0.1,0.1,0.1,0.1,0.1,0.1,0.1,0.1,0.1,0.1,0.1,0.1,0.1,0.1,0.1,0.1,0.1,0.1,0.1,0.1,0.1,0.1,0.1,0.1,0.1,0.1,0.1,0.1,0.1,0.1,0.1,0.1,0.1,0.1,0.1,0.1,0.1,0.1,0.1,0.1,0.1,0.1,0.1,0.1,0.1,0.1,0.675506,0.1,0.1,0.1,0.1,0.1,0.1,0.1,0.1,0.1,0.1,0.1,0.1,0.1,0.1,0.1,0.1,0.1,0.1,0.1,0.1,0.1,0.1,0.1,0.1,0.1,0.1,0.1,0.1,0.1,0.1,0.1,0.1,0.1,0.1,0.1,0.1,0.1,0.1,0.1,0.1,0.1,0.1,0.1,0.1,0.1,0.1
Kcnt1,0.1,0.1,0.1,0.1,0.1,0.1,0.914795,0.1,0.1,0.1,0.1,2.04172,3.86557,4.43196,1.24506,1.22094,2.11414,0.1,0.1,0.1,0.1,0.1,0.1,0.1,1.07325,0.1,0.1,0.1,0.1,0.1,0.1,0.1,0.1,0.1,0.1,0.1,0.1,0.1,0.1,0.91606,0.1,0.1,0.1,0.1,0.1,0.1,0.1,0.1,0.1,0.1,0.1,0.1,0.1,0.1,0.1,0.1,0.1,0.1,0.1,0.1,0.1,0.1,0.1,0.1,0.1,0.1,0.1,0.1,0.1,0.1,0.1,0.1,0.1,0.1,0.1,0.1,0.1,0.1,0.1,0.1,0.1,0.1,0.1,0.1,0.1,0.1,0.1,0.1,0.1,0.1,0.1,0.1,0.1,0.1,0.1,0.1,0.1,0.1,0.1,0.1,0.1,0.1,0.1,0.1,0.1,0.1,0.1,0.1,0.1,0.1,0.1,0.1,0.1,0.1,0.1,0.1,0.1,0.1,0.1,0.1,0.1,0.1,0.1,0.1,0.1,0.1,0.1,0.1,0.1,0.1,0.1,0.1,0.1,0.1,0.1,0.1,0.1,0.1,0.1,0.1,0.1,0.1,0.1,0.1,0.1,0.1,0.1,0.1,0.1,0.1,0.1,0.1,0.1,0.1,0.1,0.1,0.1,0.1,0.1,0.1,0.1,0.1,0.1,0.1,0.1,0.1,0.1,0.1,0.1,0.1,0.1,0.1,0.1,0.1,0.1,0.1,0.1,0.1,0.1,0.1,0.1,0.1,0.1,0.1,0.1,0.1,0.1,0.1,0.1,0.1,0.1,0.1,0.1,0.1,0.1,0.1,0.1,0.1,0.1,0.1,0.1,0.1,0.1,1.0411,0.1,0.1,0.1,0.1,0.1,0.1,0.1,0.1,0.1,0.1,0.1,0.1,0.1,0.1,0.1,0.1,0.1,0.1,0.1,0.1,0.1,0.1,0.1,0.1,0.1,0.1,0.1,0.1,0.1,0.1
Lhfpl3,15.7068,7.87461,10.8747,15.5702,6.84797,11.0645,8.39512,7.19748,10.3013,7.5274,8.41243,0.1,0.1,0.1,0.1,0.1,0.1,0.1,0.1,0.1,0.1,0.1,0.1,0.1,0.1,0.1,0.1,0.1,0.1,0.1,0.1,1.38207,0.1,0.1,0.1,0.1,0.1,0.1,0.1,0.1,0.1,0.1,0.1,0.1,0.1,0.1,0.1,0.1,0.1,0.1,0.1,0.1,0.1,0.1,0.1,0.1,0.1,0.1,0.1,0.1,0.1,0.1,0.1,0.1,0.1,0.1,0.1,0.1,0.1,0.1,0.1,0.1,0.1,0.1,0.1,0.1,0.1,0.1,0.1,0.1,0.1,0.1,0.1,0.1,0.1,0.1,0.1,0.1,0.1,0.1,0.1,0.1,0.1,0.1,0.1,0.1,0.1,0.1,0.1,0.1,0.1,0.1,0.1,0.1,0.1,0.1,0.1,0.1,0.1,0.1,0.1,0.1,0.1,0.1,0.1,0.1,0.1,0.1,0.1,0.1,0.1,0.1,0.1,0.1,0.1,0.1,0.1,0.1,0.1,0.1,0.1,0.1,0.1,0.1,0.1,0.1,0.1,0.1,0.1,0.1,0.1,0.1,0.1,0.1,0.1,0.1,0.1,0.1,0.1,0.1,0.1,0.1,0.1,0.1,0.1,0.1,0.1,0.1,0.1,0.1,0.1,0.1,1.41321,0.1,0.1,0.1,0.1,0.1,0.1,0.502078,0.1,0.1,0.1,0.1,0.1,0.1,0.1,0.1,0.1,0.1,0.1,0.1,0.1,0.1,0.1,0.1,0.1,0.1,0.1,0.1,0.1,0.1,0.1,0.1,0.1,0.1,0.1,0.1,0.1,0.1,0.1,0.1,0.849151,0.1,0.1,0.1,0.1,0.1,0.1,0.1,0.1,0.1,0.1,0.1,0.1,0.1,0.1,0.1,0.1,0.1,0.1,0.1,0.1,0.1,0.1,0.1,1.90886,0.1,1.86806,0.1,0.1,0.1,0.1,0.1
Lrig1,0.1,0.1,0.1,0.1,0.1,0.1,0.1,0.1,0.1,0.1,0.1,8.96025,0.1,0.1,2.39463,1.22094,4.14421,0.1,1.35592,1.89275,0.1,0.1,0.1,0.1,0.1,0.1,1.76712,1.30112,0.1,0.1,0.1,0.1,0.1,0.1,2.19032,0.893321,1.83993,1.64452,0.1,0.1,1.26071,0.1,0.1,0.1,0.1,1.08449,0.523204,0.1,0.1,0.1,0.1,0.1,0.1,0.1,0.1,0.1,0.1,0.1,0.1,0.1,0.1,0.1,0.1,0.1,0.1,0.1,0.1,0.1,0.1,0.1,0.1,0.1,0.1,0.1,0.1,0.1,0.1,0.1,0.1,0.1,0.1,0.1,0.1,0.1,0.1,0.1,0.1,0.1,0.1,0.1,0.1,0.1,0.1,1.34258,0.1,0.1,0.1,0.1,0.1,0.1,0.1,0.1,0.1,0.1,0.1,0.1,0.1,0.1,0.1,0.1,0.1,0.1,0.1,0.1,0.1,0.1,0.1,0.1,0.1,0.1,0.1,0.1,0.1,0.1,0.1,0.1,0.1,0.1,0.1,0.1,0.1,0.1,0.1,0.1,0.1,0.1,0.1,0.1,0.1,0.1,0.1,0.1,0.1,0.1,0.1,0.1,0.1,0.1,0.1,0.1,0.1,0.1,0.1,0.1,0.1,0.1,0.1,0.1,0.1,0.1,0.1,0.1,0.1,0.1,0.1,0.1,0.1,0.1,0.1,0.1,0.1,0.1,0.1,0.1,0.1,0.1,0.662155,0.1,0.1,0.1,0.1,0.1,0.1,0.1,0.1,0.1,0.1,0.1,0.1,0.1,0.1,0.1,0.1,0.1,0.1,0.1,1.40861,0.1,0.1,0.1,0.1,0.1,0.1,1.0411,0.1,0.1,0.1,0.1,0.1,0.1,0.1,0.1,0.1,0.1,0.1,0.1,0.1,0.1,0.1,0.1,0.1,0.1,0.1,0.1,0.1,0.1,0.1,0.1,0.1,0.1,0.1,0.1,0.1,0.1
Luzp2,2.86197,3.52108,2.22086,1.76426,3.4472,4.24978,2.55402,6.17143,6.87394,1.14853,3.75774,3.01832,1.97909,11.0606,3.54872,10.35,3.12717,5.75229,13.1258,21.5687,13.6821,0.1,7.92405,1.6146,6.99412,9.6426,13.6233,4.93297,1.82656,2.74894,0.1,3.96137,1.56126,0.1,0.1,1.68976,1.83993,0.1,1.49095,2.55783,0.1,0.1,0.1,0.1,0.1,1.08449,0.1,0.1,0.709964,0.1,0.1,0.595739,0.1,0.1,0.1,0.1,0.1,0.1,0.1,0.1,0.1,0.1,0.1,0.1,0.1,0.1,0.1,0.1,0.1,0.1,0.1,0.1,0.1,0.1,0.1,0.1,0.1,0.1,0.1,1.1722,0.1,0.1,0.1,0.1,0.1,0.1,0.1,0.1,0.1,0.1,0.1,0.1,0.1,0.1,0.1,0.1,0.1,0.1,0.1,0.1,0.1,0.1,0.1,0.1,0.1,0.1,0.1,0.1,0.1,0.1,0.1,0.1,0.1,0.1,0.1,0.1,0.1,0.1,0.1,0.1,0.1,0.1,0.1,0.1,1.7459,0.1,0.1,0.1,0.1,0.1,0.1,0.1,1.07153,0.1,0.1,0.1,0.1,0.1,0.1,0.1,0.1,0.962133,0.1,0.1,0.1,0.953783,0.1,0.1,0.1,0.1,0.1,0.1,0.1,0.1,0.1,0.1,0.1,0.1,0.84629,0.1,0.1,0.1,0.1,0.1,0.1,0.1,1.66614,0.957776,0.1,0.502078,1.22527,0.1,1.23907,0.1,1.24296,0.1,0.1,0.1,0.1,0.1,1.32188,0.1,2.0212,0.1,0.1,0.801482,0.1,0.675506,3.89793,0.1,1.06548,0.1,0.1,1.92248,0.600246,0.1,0.1,0.1,0.1,1.75786,0.1,0.1,0.1,0.1,0.1,0.1,0.1,0.1,0.1,1.20858,0.1,0.1,1.31669,1.60778,0.1,0.1,0.1,0.1,0.1,0.1,1.73858,0.1,0.1,1.67992,0.1,0.1,0.1,1.07521,0.1,0.1,1.3631,0.1,0.788683,0.1
Mag,1.75064,0.1,2.22086,0.930496,0.1,0.1,0.1,0.1,1.78351,0.1,0.1,0.1,0.1,0.1,0.1,0.1,0.1,0.1,0.1,0.545547,0.1,0.1,0.1,0.1,0.1,1.27639,1.76712,0.1,0.1,1.42188,0.1,0.1,0.1,0.1,0.1,0.1,0.1,0.1,0.56183,0.1,2.42597,0.1,0.1,0.1,0.1,0.1,0.1,0.1,0.1,0.1,0.1,0.1,0.1,0.1,0.1,0.1,0.1,0.1,0.1,0.1,0.1,0.1,0.1,0.1,0.1,0.1,0.1,0.1,0.1,0.1,0.1,0.1,0.1,0.1,0.1,0.1,0.1,0.1,0.1,0.1,0.1,0.1,0.1,0.1,0.1,0.1,0.1,0.1,0.1,0.1,0.1,0.1,0.1,0.1,0.1,0.1,0.1,0.1,0.1,0.1,0.1,0.1,0.1,0.1,0.1,0.1,0.1,0.1,0.1,0.1,0.1,0.1,0.1,0.1,0.1,0.1,0.1,0.1,0.1,0.1,0.1,0.1,0.1,0.1,0.1,0.1,0.1,0.1,0.1,0.1,0.1,0.1,0.1,0.1,0.1,0.1,0.1,0.1,0.1,0.1,0.1,0.1,0.1,0.1,0.1,0.1,0.1,0.1,0.1,0.1,0.1,0.1,0.1,0.1,0.1,0.1,0.1,0.1,0.1,29.6472,30.9724,17.837,13.4693,23.5517,16.1572,11.3427,27.6572,19.7931,19.8451,17.5539,16.2692,20.1483,31.2689,15.6753,14.1199,27.9602,23.8392,18.9257,29.9529,20.8931,18.1453,10.3391,20.4142,27.6902,17.4798,17.7433,19.8248,17.7784,16.8911,13.8961,26.5189,8.58259,15.6464,17.041,18.8903,13.4875,20.2883,19.4359,7.85414,13.5482,12.1189,12.5326,9.28935,24.8085,21.398,15.2318,29.577,27.8047,15.1721,14.8614,14.3585,27.5147,20.8143,23.3608,21.4549,21.3336,30.4539,33.0867,14.2721,23.3508,16.7817,26.3891,24.2211,27.8376,21.2966,14.8051,14.7731,19.3151,19.94,14.069,12.9591,19.2734,15.1606,35.3275
Mal,0.648053,0.950232,0.1,0.1,0.1,0.1,0.1,0.1,0.1,4.31898,0.1,0.1,0.1,0.1,0.1,0.1,0.1,0.1,0.1,0.1,0.1,0.1,0.1,0.1,0.1,1.27639,1.76712,1.30112,0.673261,0.1,0.1,0.1,0.1,0.1,0.1,0.1,0.1,0.1,0.1,0.1,7.13337,0.518582,0.1,0.1,0.1,0.1,0.1,0.1,0.1,0.1,0.1,0.1,0.1,0.1,0.1,0.1,0.1,0.1,0.1,0.1,0.1,0.1,0.1,0.1,0.1,0.1,0.1,0.1,0.1,0.1,0.1,0.1,0.1,0.1,0.1,0.1,0.1,0.1,0.1,0.1,0.1,0.1,0.1,0.1,0.1,0.1,0.1,0.1,0.1,0.1,0.1,0.1,0.1,0.1,0.1,0.1,0.1,0.1,0.1,0.1,0.1,0.1,0.1,0.1,0.1,0.1,0.1,0.1,0.1,0.1,0.1,0.1,0.1,0.1,0.1,0.1,0.1,0.1,0.1,0.1,0.1,0.1,0.1,0.1,0.1,0.1,0.1,0.1,0.1,0.1,0.1,0.1,0.1,0.1,0.1,0.1,0.1,0.1,0.1,0.1,0.1,0.1,0.1,0.1,0.1,0.1,0.1,0.1,0.1,0.1,0.1,0.1,0.1,0.1,0.1,0.1,0.1,0.1,0.1,41.7459,33.046,51.678,33.1291,20.3647,47.7556,42.0473,28.5546,26.4492,30.8831,27.0128,37.2104,33.3691,37.6654,34.5447,39.0946,37.6337,42.1699,25.1843,34.0624,37.5875,33.9531,46.149,19.6947,58.2795,32.5654,31.3824,27.9015,40.1215,41.687,40.6464,12.9559,53.9162,25.6325,27.0153,22.4083,73.2798,35.9083,44.7065,52.6352,34.5567,31.0958,61.2301,42.6246,21.7059,44.9911,29.3199,54.3195,40.0412,13.6376,50.8574,34.7338,37.7324,29.3556,38.0227,24.8413,40.5792,38.4445,43.2585,26.349,60.7365,32.3856,39.8944,60.2484,48.632,49.6946,24.7146,35.7407,42.4332,33.0348,52.2495,26.352,43.7757,31.632,59.2171
Map1b,0.1,0.1,0.1,0.1,0.1,0.1,0.1,1.10196,1.78351,2.20118,0.1,0.1,0.1,0.1,0.1,0.1,0.1,0.1,0.1,0.1,0.1,0.1,0.1,0.1,0.1,0.1,0.1,0.1,0.1,0.1,1.9903,0.1,0.1,0.1,0.1,0.1,0.1,0.1,0.1,0.1,0.1,0.1,0.440744,0.1,1.54766,0.591279,0.1,0.872473,1.32233,4.81044,1.05755,3.10396,4.08247,0.750309,3.8518,1.53862,0.1,5.9996,9.86541,7.14527,15.4535,8.07407,19.0684,8.31952,14.4987,5.31016,7.60605,11.923,13.766,7.58521,14.6739,9.34986,5.06827,3.40255,6.91789,11.6065,12.7438,5.72485,5.21618,16.6411,4.38793,3.91458,19.6975,7.3923,10.7847,19.8339,1.60776,11.7446,15.6958,11.655,9.64524,0.1,21.4587,7.62949,16.8406,17.7125,10.0585,14.7515,15.5112,3.32214,4.5358,6.79606,14.489,33.4926,13.9562,1.67555,9.30067,6.38139,17.6756,4.85589,18.292,22.8033,14.3164,5.7695,4.48106,12.5227,4.70304,10.7779,2.14463,8.2305,6.90474,17.6999,0.1,5.1719,8.39469,26.2441,6.81212,9.55888,8.56633,9.21596,15.0999,16.5291,12.0172,3.7063,7.75331,6.88141,18.2597,4.15599,8.84133,10.4417,7.42687,15.2359,5.71307,13.0972,13.5608,13.2715,18.3146,8.00271,16.7453,4.05595,8.57358,14.3679,7.98568,10.7969,6.5366,7.21705,19.1185,11.8808,30.7384,1.6862,0.1,0.1,0.1,3.03659,0.1,0.1,0.881533,5.29775,1.10212,2.53642,0.1,2.53642,1.23907,0.1,0.1,0.1,0.662155,0.1,0.1,0.671103,0.1,0.1,0.1,1.82453,0.1,2.21274,0.1,0.1,0.1,2.56374,2.03475,2.89393,0.1,0.1,2.11284,5.79212,0.1,0.1,0.1,0.1,0.1,0.1,4.63953,0.1,0.1,0.1,0.1,3.03016,1.58047,0.1,0.1,2.10767,0.707151,0.1,0.1,2.25955,0.1,1.2146,0.1,0.1,5.0351,0.1,3.59544,0.1,0.1,0.1,0.1,0.1,1.86806,0.1,0.1,0.1,2.87105,4.08102
Marcks,15.7068,16.8525,13.0821,18.2619,12.9335,16.3245,11.808,10.3006,5.17042,12.9617,13.1623,3.01832,3.86557,0.1,0.1,0.1,0.1,0.1,0.726731,0.992845,0.1,0.1,1.06453,1.6146,2.05032,1.27639,0.1,1.30112,0.673261,2.74894,5.79324,0.1,3.03407,6.637,10.8972,2.48934,8.03943,5.55967,6.73614,4.21262,9.51539,6.1147,3.9236,6.5631,9.71935,15.7453,7.9833,22.9613,11.4622,21.912,7.47167,14.2171,8.21277,18.1173,10.7185,15.7996,13.9725,10.0119,17.3985,12.503,23.317,8.07407,11.9088,16.9167,15.7304,15.9833,14.3752,16.3121,10.7722,11.8624,11.1535,10.6925,13.9556,6.73121,12.4707,16.8558,17.9458,12.8828,4.18484,7.69507,13.1185,9.07166,21.1404,18.1736,13.2119,14.3654,4.64112,10.0612,9.38271,13.8115,9.64524,14.5856,10.6512,12.7502,7.71817,19.1061,16.6256,9.34894,15.5112,16.4695,12.4706,5.82804,12.0423,10.0402,7.73661,21.0794,1.92567,10.2106,8.09814,9.66852,2.83779,18.9429,1.65471,5.7695,13.4012,20.0546,16.1355,10.7779,12.6155,12.8764,16.2363,5.30672,2.64348,17.4962,6.72261,12.2331,11.9165,9.55888,12.876,15.4797,9.41901,14.8248,16.1202,8.5818,13.5734,13.7993,9.64856,16.619,13.3183,7.29568,8.90975,15.2359,9.98165,25.0543,7.7461,3.53537,14.0262,17.0008,25.6647,20.7095,14.3959,21.2125,9.31834,11.8904,7.35574,9.62741,13.333,11.8808,5.38643,0.1,0.1,0.1,0.1,0.1,0.1,0.1,0.1,0.1,0.1,0.1,0.1,0.1,0.1,0.1,0.1,0.1,0.1,0.1,0.1,0.1,0.1,0.1,0.1,0.1,0.1,1.50572,0.1,0.1,0.1,0.1,0.1,0.1,0.1,0.1,0.600246,0.1,1.40861,0.1,0.1,0.1,0.1,0.1,0.1,0.1,0.1,0.1,0.1,0.1,3.06676,1.20858,0.1,1.10187,0.1,0.1,1.70375,1.17766,0.1,0.1,0.1,0.1,0.1,0.1,0.1,0.1,0.1,0.1,0.1,0.1,0.1,0.1,0.1,0.1,0.1,0.1
Mbp,0.1,0.950232,2.22086,2.6013,0.1,0.1,0.914795,1.10196,0.1,1.14853,0.1,0.1,0.1,0.1,0.1,0.1,0.1,0.1,0.1,0.1,1.58533,0.1,0.1,0.1,0.1,1.27639,0.1,1.30112,0.1,4.08125,0.1,0.1,0.1,0.1,0.1,0.1,0.1,0.1,0.1,0.1,1.26071,0.1,0.1,0.1,1.54766,0.1,0.1,0.1,0.1,0.1,0.1,0.1,0.535523,0.1,0.562512,0.1,0.1,0.1,0.1,0.1,0.1,0.1,1.0627,0.1,0.1,0.1,0.1,0.1,0.1,0.1,0.1,0.1,0.1,0.1,0.1,0.1,0.1,0.1,0.1,0.1,0.1,0.1,0.1,0.1,0.1,0.1,0.1,0.1,0.1,0.1,0.1,0.1,0.1,0.1,0.1,0.1,0.1,0.1,0.1,0.1,0.1,0.1,0.1,0.1,0.1,0.1,0.1,0.1,0.1,0.1,1.46621,1.95086,0.1,0.1,1.55462,0.1,0.1,0.1,0.1,0.1,0.1,0.1,0.1,0.937007,0.1,0.1,0.1,0.1,0.1,0.1,1.94916,0.890479,0.1,1.29738,0.1,0.1,0.1,0.1,0.1,1.11582,0.1,0.962133,0.1,0.1,0.1,0.1,0.1,0.1,0.1,0.1,0.1,0.1,0.1,0.1,0.893488,1.27451,0.1,0.81444,0.1,57.8516,61.8448,70.7673,73.0101,51.8267,32.0724,54.9295,48.3975,23.5718,52.036,57.7906,38.491,48.5929,54.9859,63.7781,33.9259,45.5213,64.0602,29.7427,43.8637,43.6055,47.3711,28.7405,39.5204,54.9163,43.6837,39.0466,53.6876,44.7169,44.5637,54.9272,46.6215,49.3138,45.308,33.212,53.1779,27.2568,43.257,25.594,46.6905,64.294,43.0829,28.6499,50.2438,51.1856,42.0008,37.6606,32.3929,63.9608,30.8698,30.4347,60.0697,44.7781,54.7389,51.5411,35.1719,59.932,33.6296,18.4793,49.0028,43.7759,43.121,34.9075,37.0598,24.4737,49.6946,30.3867,53.6331,73.082,31.1407,47.3986,47.5448,38.4467,38.336,42.9807
Mgll,1.75064,7.87461,0.1,3.44167,1.76701,0.923434,0.914795,3.11772,1.78351,2.20118,0.1,3.01832,1.97909,0.1,0.1,0.1,0.1,5.75229,9.10564,6.97354,1.58533,3.14036,5.94463,1.6146,4.01607,7.2284,0.1,8.6083,4.75017,0.1,1.9903,2.66918,0.1,0.1,0.1,0.893321,0.1,0.1,0.1,0.1,0.1,0.1,0.1,0.1,0.1,0.1,0.1,0.1,0.1,0.1,0.1,0.1,0.1,0.1,0.1,0.1,0.1,0.1,0.1,0.1,0.1,0.1,0.1,0.1,0.1,0.1,0.1,0.1,0.1,0.1,0.1,0.1,0.1,0.1,0.1,0.1,0.1,0.1,0.1,0.1,0.1,0.1,0.1,0.1,0.1,0.1,0.1,0.1,0.1,0.1,0.1,0.1,0.1,0.1,0.1,0.1,0.1,0.1,0.1,0.1,0.1,0.1,0.1,0.1,0.1,0.1,0.1,0.1,0.1,0.1,0.1,0.1,0.1,0.1,0.1,0.1,0.1,1.26774,0.1,0.1,0.1,0.1,0.1,0.1,0.1,0.1,0.1,0.1,0.1,0.1,0.1,0.1,0.1,0.1,0.1,0.1,0.1,0.1,0.1,0.1,0.1,0.1,0.1,0.1,0.1,0.1,0.1,0.1,0.1,0.1,0.1,0.1,0.1,0.1,0.893488,0.1,0.1,0.1,0.84629,0.1,0.1,0.1,0.1,0.1,0.1,0.1,2.45384,0.1,0.1,0.905735,3.4891,0.1,0.1,0.1,0.1,0.1,0.1,2.24828,1.34116,0.1,0.1,1.10575,0.737887,0.1,0.791008,0.801482,0.1,0.1,0.1,0.1,1.06548,1.95896,0.1,0.1,2.11284,0.1,1.40861,0.1,0.1,0.1,0.1,0.1,0.1,0.1,0.1,0.1,0.1,0.1,0.1,0.1,0.1,0.1,1.31669,0.1,0.1,0.1,0.1,0.1,0.1,0.1,3.38359,0.1,0.1,0.1,0.1,0.1,0.1,0.1,0.1,0.1,0.1,0.1,0.1,0.1
Miat,0.1,0.1,0.1,0.1,0.1,0.1,0.1,0.1,0.1,0.1,0.1,0.1,0.1,0.1,0.1,0.1,0.1,0.1,0.1,0.1,0.1,0.1,0.1,0.1,0.1,0.1,0.1,0.1,1.24878,0.1,1.9903,2.66918,0.1,5.3086,2.71809,1.68976,0.968257,2.42135,1.95826,5.88066,33.1532,6.55755,3.9236,0.1,12.0122,0.1,3.53294,0.872473,0.709964,1.26366,6.96614,1.09343,1.41172,2.39875,9.21308,3.71793,0.49343,1.0736,0.1,3.60877,1.99274,3.27078,2.02918,0.1,1.27384,0.1,0.1,0.922803,0.1,0.918582,0.1,0.1,0.1,0.1,1.45286,1.35835,0.1,0.1,2.13438,2.24862,0.1,0.1,2.83306,0.1,0.1,3.62411,3.12145,3.39422,1.63191,1.12973,1.99405,0.1,0.1,1.34258,6.43586,1.42269,0.1,2.71649,0.1,0.1,6.78018,1.99429,3.63301,3.37405,0.1,1.67555,5.5986,0.1,1.41992,3.26436,1.46621,0.1,0.1,7.67429,0.1,0.1,0.1,4.79864,5.24197,0.1,0.1,1.82876,0.1,1.7773,3.39827,1.42688,8.50679,1.97691,1.49718,0.1,0.1,0.1,2.04688,1.29738,0.1,0.1,2.45887,2.79867,5.53072,6.25543,1.55386,0.1,1.495,1.52138,2.00027,0.1,0.1,0.693492,0.1,2.4642,1.95698,0.1,1.40136,1.15072,4.90819,0.1,0.1,2.25176,3.861,0.1,0.1,0.1,0.1,0.1,0.1,0.1,0.1,0.1,0.1,0.1,0.1,0.1,0.1,0.1,0.1,0.1,0.1,0.1,0.1,0.1,0.1,0.1,0.1,0.1,0.1,0.1,0.1,0.1,0.1,0.1,0.1,0.1,0.1,0.1,0.1,0.1,0.1,0.1,0.1,0.1,0.1,0.1,0.1,0.1,0.1,0.1,0.1,0.1,0.1,0.1,0.1,0.1,0.1,0.1,0.1,0.1,0.1,0.1,0.1,0.1,0.1,0.1,0.1,0.1,0.1,0.1,0.1,0.1,0.1,0.1,0.1,0.1,0.1,0.1
Mog,0.1,0.1,0.1,0.930496,0.1,0.1,0.1,0.1,1.78351,1.14853,0.1,0.1,0.1,0.1,0.1,0.1,0.1,0.1,0.1,0.1,0.1,0.1,0.1,0.1,0.1,1.27639,1.76712,0.1,0.1,0.1,0.1,0.1,0.1,0.1,0.1,0.1,0.1,0.1,0.1,0.1,2.42597,0.1,0.1,0.1,0.1,0.1,0.1,0.1,0.1,0.1,0.1,0.1,0.1,0.1,0.1,0.1,0.1,0.1,0.1,0.1,0.1,0.1,0.1,0.1,0.1,0.1,0.1,0.1,0.1,0.1,0.1,0.1,0.1,0.1,0.1,0.1,0.1,0.1,0.1,0.1,0.1,0.1,0.1,0.1,0.1,0.1,0.1,0.1,0.1,0.1,0.1,0.1,0.1,0.1,0.1,0.1,0.1,0.1,0.1,0.1,0.1,0.1,0.1,0.1,0.1,0.1,0.1,0.1,0.1,0.1,0.1,0.1,0.1,0.1,0.1,0.1,0.1,0.1,0.1,0.1,0.1,0.1,0.1,0.1,0.1,0.1,0.1,0.1,0.1,0.1,0.1,0.1,0.1,0.1,0.1,0.1,0.1,0.1,0.1,0.1,0.1,0.1,0.1,0.1,0.1,0.1,0.1,0.1,0.1,0.1,0.1,0.1,0.1,0.1,0.1,0.1,0.1,0.1,0.1,9.7117,15.9866,8.1716,10.7525,9.01572,19.4883,7.55026,15.4989,5.29775,9.26345,13.8178,3.4891,3.76183,17.6726,11.4291,9.37144,14.7492,11.7837,13.5285,6.35494,8.30631,10.8049,14.5518,15.4428,14.5014,12.9719,7.24152,9.7827,16.4886,10.329,3.80289,8.92843,8.58259,9.57078,14.1303,6.76109,13.4875,10.7152,10.3863,7.85414,16.9781,6.04958,10.9568,13.2524,4.84275,12.1286,7.14436,14.5075,13.0546,10.5871,20.7503,12.5513,12.3893,13.3776,6.16684,16.4271,15.5851,13.4546,13.7721,11.6486,13.5827,13.3918,14.6538,7.13258,12.9159,17.3728,15.8878,9.21593,3.03717,14.4421,12.4656,15.5936,1.26276,7.11122,9.78975
Mycn,0.1,0.1,0.1,0.1,1.76701,1.7501,0.1,0.1,0.1,0.1,0.1,0.1,0.1,0.1,0.1,0.1,0.1,0.1,0.1,0.1,0.1,0.1,0.1,0.1,0.1,0.1,0.1,0.1,0.673261,0.1,0.1,0.1,0.1,3.33594,1.66465,0.893321,8.03943,3.20125,2.89849,1.73533,7.13337,0.938809,1.81721,2.49968,7.45458,0.1,1.80285,0.872473,0.709964,0.680691,1.05755,3.10396,0.535523,1.73544,0.562512,0.1,2.48401,0.1,1.30386,1.85094,1.99274,1.68228,1.0627,0.1,0.1,0.1,1.02533,4.2466,0.1,0.1,0.930117,0.1,0.1,0.1,1.45286,0.1,2.58877,2.90135,2.13438,1.1722,1.5237,2.63805,0.1,0.1,2.44154,3.62411,0.1,0.1,0.1,2.16351,0.1,0.1,1.84124,2.59004,1.35721,2.75058,3.14355,2.71649,1.99985,1.70791,0.1,0.1,2.4507,1.18707,0.1,1.67555,0.1,3.85395,2.74502,1.67908,1.46621,0.1,6.35568,0.1,3.01496,0.1,1.93034,0.1,0.1,0.989152,2.35036,0.1,0.1,2.62092,0.1,2.75897,3.44284,1.97691,0.1,0.1,3.80558,2.48078,1.07153,0.1,0.1,0.1,1.27712,1.44669,1.17761,2.13563,0.1,0.1,1.495,1.52138,0.1,1.81092,0.1,1.88749,1.5529,0.884973,1.95698,0.1,0.1,3.26457,1.69009,0.1,1.96811,0.1,0.1,0.1,0.1,0.1,0.1,0.1,0.1,0.1,0.1,0.1,0.1,0.502078,0.1,0.1,0.1,0.1,0.1,0.1,0.1,0.1,0.1,0.1,0.1,0.1,0.1,0.1,0.1,0.1,0.1,0.1,0.1,0.1,0.1,0.1,0.1,0.1,0.1,0.1,0.1,0.1,0.1,0.1,0.1,0.1,0.1,0.1,0.1,0.1,0.1,0.1,0.1,0.1,0.1,0.1,0.1,0.1,0.1,0.1,0.1,0.1,0.1,0.1,0.1,0.1,0.1,0.1,0.1,0.1,0.1,0.1,0.1,0.1,0.1,0.1,1.48007,0.1
Nptx2,0.1,0.1,0.1,0.930496,0.1,0.1,0.914795,0.1,0.1,1.14853,0.1,0.1,0.1,0.1,0.1,0.1,0.1,0.1,0.1,0.1,0.1,0.1,0.1,0.1,0.1,0.1,0.1,0.1,0.1,0.1,1.9903,0.1,0.829196,0.742103,2.71809,12.3387,1.83993,7.94668,2.89849,0.1,0.1,0.518582,2.5137,0.1,0.1,0.1,4.40848,0.872473,1.32233,0.1,1.05755,1.09343,0.1,0.424517,0.1,0.1,0.49343,0.1,0.1,0.1,0.1,0.1,0.1,0.1,0.1,0.1,1.95429,0.1,0.1,0.918582,0.1,0.1,1.33475,1.74804,0.1,0.1,0.1,0.1,0.1,0.1,0.1,0.1,0.1,0.1,0.1,0.1,0.1,0.1,0.1,0.1,0.1,0.1,0.1,1.34258,0.1,0.1,0.1,0.1,0.1,0.1,0.1,0.1,1.27305,0.1,1.61532,1.67555,0.1,0.1,0.1,1.67908,0.1,0.1,0.1,0.1,0.1,0.1,0.1,0.1,3.173,0.1,2.35036,0.1,0.1,0.1,1.7459,0.1,0.1,0.1,0.1,0.1,0.1,0.1,0.1,0.1,0.1,0.1,0.1,0.1,1.17761,0.1,0.1,0.1,0.1,0.1,0.1,0.1,0.1,0.693492,0.1,0.1,0.1,0.1,0.1,0.1,0.1,0.1,0.1,0.81444,0.1,0.1,0.1,0.1,0.1,0.1,0.1,0.1,0.1,0.1,0.1,0.1,0.1,0.1,0.1,0.1,0.1,0.1,0.1,0.1,0.1,0.1,0.1,0.1,0.1,0.1,0.1,0.1,0.1,0.1,0.1,0.1,0.1,0.1,0.1,0.1,0.1,0.1,0.1,0.1,0.1,0.1,0.1,0.1,0.1,0.1,0.1,0.1,0.1,0.1,0.1,0.1,0.1,0.1,0.1,0.1,0.1,0.1,0.1,0.1,0.1,0.1,0.1,0.1,0.1,0.1,0.1,0.1,0.1,0.1,0.1,0.1,0.1,0.1,0.1,0.1
Nrep,1.75064,0.1,0.1,0.1,0.1,0.1,0.1,0.1,0.1,0.1,1.00905,0.1,0.1,0.1,0.1,0.1,0.1,0.1,0.1,0.1,0.1,0.1,0.1,0.1,0.1,0.1,0.1,0.1,0.1,0.1,5.79324,0.1,0.829196,0.742103,1.14105,0.1,0.1,0.1,0.56183,0.1,0.1,0.1,0.1,0.1,0.1,1.57964,0.1,0.1,1.9371,3.02645,0.1,1.09343,4.53389,1.07739,0.562512,0.8179,0.1,3.03231,7.39484,3.60877,3.89291,9.68794,7.90919,6.0418,8.415,10.6037,1.95429,3.41071,4.89298,5.89852,3.44014,9.34986,3.81885,1.74804,4.17457,12.9108,7.62565,15.7867,9.38306,9.90434,2.953,7.77466,2.83306,4.24224,9.57841,7.17609,3.12145,8.38451,9.38271,17.0799,5.80452,0.1,10.6512,1.34258,3.8865,4.08371,3.14355,5.35367,5.822,8.20323,1.20242,12.6871,7.20815,14.575,25.087,11.2606,3.75852,3.85395,6.75187,0.1,5.59723,1.95086,7.93512,1.98242,0.1,11.4644,6.56998,4.79864,5.24197,1.8818,3.4822,14.1234,3.92274,1.7773,10.0734,10.8634,11.9165,29.0554,5.72185,4.11131,5.66932,8.97024,7.98087,0.1,2.00206,2.79653,2.45887,4.15599,4.43597,11.4989,10.3986,6.20702,11.4159,5.8192,9.67659,7.0257,8.38897,8.62802,8.23576,4.05595,8.57358,7.69019,4.01946,16.3096,9.83319,6.01909,7.61672,2.25176,11.6132,0.1,0.1,0.1,1.41321,0.1,0.1,0.1,0.1,0.1,0.1,0.1,0.1,0.1,0.1,0.1,0.1,0.1,0.1,0.1,0.1,0.1,0.1,0.1,0.1,0.1,0.1,0.1,0.1,0.1,0.1,0.1,0.1,0.1,0.1,0.1,0.1,0.1,0.1,0.1,0.1,0.1,0.1,0.1,0.1,0.1,0.1,0.1,0.1,0.1,0.1,0.1,0.1,0.1,0.1,0.1,0.1,0.1,0.1,0.1,0.1,0.1,0.1,0.1,0.1,0.1,0.1,0.1,0.1,0.1,0.1,0.1,0.1,0.1,0.1,0.1
Nrp1,0.1,0.1,0.1,0.1,0.1,0.1,0.1,0.1,0.1,0.1,0.1,1.06896,3.86556,3.34256,5.87067,2.34628,0.1,1.9767,2.62178,2.34538,1.58533,0.1,0.1,0.1,4.01606,0.1,0.1,0.1,1.24878,0.1,0.1,0.1,0.1,0.1,1.14105,0.1,0.1,0.1,0.1,0.1,0.1,0.1,0.1,0.1,0.1,0.591279,0.1,0.872473,0.1,0.1,0.1,0.595739,0.1,0.1,0.562512,0.1,2.48401,0.1,0.1,0.1,0.1,0.1,0.1,0.1,0.1,0.1,0.1,0.1,0.1,0.1,0.1,0.1,0.1,0.1,0.1,0.1,0.1,0.1,0.1,0.1,0.1,0.1,1.46385,2.16297,0.1,0.1,0.1,0.1,0.1,0.1,0.1,0.1,0.1,0.1,0.1,0.1,0.1,0.1,0.1,0.1,0.1,0.1,0.1,0.1,0.1,0.1,0.1,0.1,0.1,0.1,0.1,0.1,1.65471,0.1,0.1,0.1,0.1,0.1,0.1,0.1,0.1,0.1,0.1,0.1,0.1,0.1,0.1,0.1,0.1,0.1,0.1,0.1,0.1,3.7063,0.1,0.1,0.1,0.1,0.1,0.1,0.1,0.1,0.1,0.1,0.1,0.1,0.1,0.1,0.1,0.1,0.1,0.1,0.1,0.1,0.1,0.1,0.1,0.1,0.1,0.1,0.1,0.1,0.1,0.1,0.1,0.1,0.1,0.1,0.1,0.1,0.1,0.1,0.1,0.1,0.1,0.1,0.1,0.1,0.1,0.1,0.1,0.1,0.1,0.1,0.1,0.1,0.1,0.1,0.1,0.1,1.06548,0.1,0.1,0.1,0.1,0.1,0.1,0.1,0.1,0.1,0.1,0.1,0.1,0.1,0.1,0.1,0.1,0.1,0.1,0.1,0.1,0.1,0.1,0.1,0.1,0.1,0.1,0.1,0.1,0.1,0.1,0.1,0.1,0.1,0.1,0.1,0.1,0.1,0.1,0.1,0.1,0.1,0.1,0.1
Olig1,16.9351,13.2167,11.9761,12.0336,12.9335,15.4386,23.3028,17.6908,18.9912,20.7597,16.0596,2.04172,0.1,0.1,1.24506,0.1,1.1051,0.1,0.726731,1.44191,1.58533,0.1,1.06453,0.1,1.07325,1.27639,1.76712,0.1,0.673261,0.1,0.1,0.1,0.1,1.38673,1.66465,0.893321,2.71503,3.20125,2.42744,5.04497,2.42597,0.518582,3.2158,0.1,1.54766,5.10152,1.80285,0.1,0.1,0.1,0.1,0.1,0.535523,1.73544,0.1,0.1,1.68304,0.1,0.1,0.1,0.1,0.1,0.1,0.1,0.1,0.1,0.1,0.1,0.1,0.1,0.1,0.1,0.1,0.1,0.1,0.1,0.1,0.1,0.1,0.1,0.1,0.1,0.1,0.1,0.1,0.1,0.1,0.1,0.1,0.1,0.1,0.1,0.1,0.1,0.1,0.1,0.1,0.1,0.1,0.1,0.1,0.1,0.1,0.1,0.1,0.1,0.1,0.1,0.1,0.1,0.1,0.1,0.1,0.1,0.1,0.1,0.1,0.1,0.1,0.1,0.1,0.1,0.1,0.1,0.1,0.1,1.76815,0.1,0.1,0.1,0.1,0.1,0.1,0.1,0.1,0.1,0.1,0.1,0.1,0.1,0.1,0.1,0.1,0.1,0.1,0.1,0.1,0.1,0.1,0.1,0.1,0.1,0.1,0.1,0.1,0.1,0.1,0.1,0.1,8.09383,7.44029,1.43204,6.71807,7.00669,4.28801,7.55027,6.43963,6.17616,7.1986,5.87755,10.3896,3.76183,4.68326,5.18798,10.5513,5.53909,4.66008,6.09115,7.62087,4.14547,7.5793,2.11544,5.2744,8.93345,5.7053,7.97157,10.8803,4.17666,7.74117,6.29596,3.98479,13.4297,4.79781,9.35879,4.6743,5.79212,8.02963,5.94291,2.66433,6.77074,6.04958,4.7161,8.50649,3.88669,5.69972,8.58755,11.8405,2.0496,1.58047,4.56059,8.95839,8.22694,4.40082,3.12147,3.3138,5.53097,1.56046,6.85402,10.3448,13.5827,3.38359,7.84232,4.7698,1.67992,5.78919,4.21774,3.72482,9.01746,5.42507,3.1174,5.18233,4.77859,7.82795,4.88673
Olig2,5.67951,5.25204,19.8146,14.6805,9.43472,6.77951,20.5932,24.1996,13.7563,23.03,19.9797,1.06896,1.97909,1.17661,1.24506,1.22094,1.1051,1.9767,3.89772,1.89275,3.0765,1.6172,2.03285,1.6146,1.07325,3.64307,1.76712,0.1,1.24878,1.42188,1.9903,2.66918,0.829196,1.38673,4.31409,0.893321,0.968257,6.35213,1.02547,23.3388,8.32199,2.63643,1.81721,0.896754,9.71935,5.10152,1.37462,0.872473,0.709964,2.43653,2.99548,2.59833,0.535523,2.39875,1.493,1.53862,1.68304,0.1,0.1,0.1,1.99274,0.1,0.1,0.1,0.1,0.1,0.1,0.1,0.1,0.1,0.1,0.1,0.1,0.1,0.1,0.1,1.34194,0.1,0.1,0.1,0.1,0.1,0.1,0.1,0.1,0.1,0.1,0.1,0.1,0.1,0.1,0.1,0.1,0.1,0.1,0.1,0.703926,0.1,0.1,0.1,0.1,0.1,0.1,0.1,0.1,0.1,0.1,1.3464,0.1,0.1,1.46621,0.1,0.1,0.1,1.55462,0.1,0.1,0.1,0.1,0.1,1.22298,0.1,0.1,0.1,0.1,0.1,1.76815,0.1,0.1,0.1,0.1,0.1,0.1,0.1,0.1,0.1,0.1,0.1,0.1,0.1,0.1,0.1,0.1,0.1,0.1,0.1,0.1,0.1,0.825025,0.884973,0.1,0.1,0.1,0.1,0.1,0.1,0.1,0.1,0.1,1.6862,1.00489,2.76932,1.41321,2.05388,5.3454,2.56384,0.1,0.1,5.15027,2.12631,1.22527,4.99209,4.68326,2.12316,2.39041,1.90591,0.662154,2.24828,3.83814,1.82006,1.32188,3.12913,2.0212,1.82453,2.18119,1.50572,4.3607,3.00032,2.62697,1.32945,2.03475,1.95896,3.6164,5.61089,1.10246,3.88728,6.6949,1.55212,3.95408,1.75786,0.1,1.63266,2.35631,1.98589,3.43299,1.4866,5.26619,1.07289,9.07101,5.68681,1.85775,0.1,2.54299,3.12147,4.9302,2.25955,1.56046,10.2921,5.18175,2.7539,5.0351,4.49787,4.7698,4.85842,9.61958,6.30119,12.9132,2.05426,0.1,5.41204,1.3631,1.26276,0.788683,2.47917
Pdgfra,36.7835,1.80381,26.719,25.6112,34.2519,6.77951,31.6496,24.1996,15.4942,24.1725,25.9868,0.1,0.1,0.1,0.1,0.1,0.1,0.1,0.1,0.1,0.1,0.1,0.1,0.1,0.1,0.1,0.1,0.1,0.1,0.1,0.1,0.1,0.1,0.1,0.1,0.1,0.1,0.1,0.1,0.1,0.1,0.1,0.1,0.1,0.1,0.1,0.1,0.1,0.1,0.1,0.1,0.1,0.1,0.1,0.1,0.1,0.1,0.1,0.1,0.1,0.1,0.1,0.1,0.1,0.1,0.1,0.1,0.1,0.1,0.1,0.1,0.1,0.1,0.1,0.1,0.1,0.1,0.1,0.1,0.1,0.1,0.1,0.1,0.1,0.1,0.1,0.1,0.1,0.1,0.1,0.1,0.1,0.1,0.1,0.1,0.1,0.1,0.1,0.1,0.1,0.1,0.1,0.1,0.1,0.1,0.1,0.1,0.1,0.1,0.1,0.1,0.1,0.1,0.1,0.1,0.1,0.1,0.1,0.1,0.1,0.1,0.1,0.1,0.1,0.1,0.1,0.1,0.1,0.1,0.1,0.1,0.1,0.1,0.1,0.1,0.1,0.1,0.1,0.1,0.1,0.1,0.1,0.1,0.1,0.1,0.1,0.1,0.1,0.1,0.1,0.1,0.1,0.1,0.1,0.1,0.1,0.1,0.1,0.1,0.1,0.1,0.1,0.1,0.1,0.1,0.1,0.1,0.1,0.1,0.1,0.1,0.1,1.23907,0.1,0.1,0.1,0.1,0.1,0.1,0.1,0.1,0.1,0.737887,0.1,0.1,0.1,0.1,0.675506,0.1,0.1,0.1,0.1,0.1,0.1,0.1,0.1,0.1,0.1,0.1,0.1,0.1,0.1,0.1,0.1,0.1,0.1,0.1,0.1,0.1,0.1,0.1,0.1,0.1,0.1,0.1,0.1,0.1,0.1,0.1,0.1,0.1,0.1,0.1,0.1,0.1,2.15077,0.1,0.1,0.1,0.1,0.1,0.1,0.1,0.1
Plp1,6.8226,9.64075,17.5517,12.0336,0.931872,8.48306,4.20624,0.1,22.517,12.9617,3.75774,3.01832,1.97909,0.1,1.24506,1.22094,0.1,3.86078,0.1,0.1,0.1,0.1,1.06453,0.1,1.07325,25.8261,18.8073,2.50697,0.1,0.1,0.1,0.1,0.829196,0.1,0.1,0.893321,0.1,0.870747,1.95826,0.1,14.3376,1.36069,0.782826,0.1,0.1,0.1,0.1,0.872473,0.1,0.1,1.05755,0.1,0.535523,0.424517,1.493,0.1,0.888405,0.1,0.1,0.1,0.1,0.1,0.1,1.56786,0.1,0.1,0.1,0.922803,0.1,0.1,0.1,0.1,0.1,1.74804,0.1,0.1,0.1,0.1,0.1,0.1,1.5237,1.36654,0.1,0.1,0.1,0.1,0.1,0.1,1.63191,2.16351,1.99405,0.1,0.1,0.1,0.1,0.1,1.31023,0.1,0.1,0.1,0.1,0.1,0.1,2.2784,0.1,0.1,0.1,0.1,0.1,1.67908,0.1,0.1,0.1,1.98242,5.95297,0.1,0.1,0.1,0.1,0.1,0.1,0.1,2.64348,0.1,1.7459,0.1,0.1,0.1,0.1,1.09692,0.1,0.890479,0.1,0.1,0.1,1.44562,1.27712,0.1,0.1,0.1,1.55386,0.962133,0.1,0.1,0.1,0.953783,1.46791,0.1,0.1,0.1,0.1,1.17151,0.1,0.1,0.1,0.1,0.1,0.1,0.846289,342.434,359.891,160.059,277.472,210.529,210.609,254.231,286.504,241.731,259.361,278.702,291.222,180.997,225.501,185.016,193.531,228.646,281.854,275.493,434.798,263.845,242.538,214.834,256.775,318.716,315.065,272.496,308.109,243.212,220.916,251.477,266.333,291.082,138.446,147.076,371.539,277.929,253.433,237.515,276.274,346.502,241.481,253.594,297.968,233.448,238.31,177.223,280.195,212.338,175.527,189.866,300.992,228.231,300.156,211.196,192.687,225.271,187.328,230.482,204.205,339.108,324.346,243.711,261.559,264.433,233.007,181.338,220.216,255.095,209.604,274.914,209.01,259.261,228.262,346.55
Ptgds,0.648053,3.52108,1.15835,0.930496,0.1,0.1,0.914795,0.1,5.17043,2.20118,0.1,0.1,0.1,0.1,0.1,0.1,0.1,0.1,0.1,0.1,0.1,0.1,0.1,0.1,0.1,2.4574,1.76712,0.1,0.1,0.1,3.88803,1.38207,1.56126,0.1,0.1,0.893321,0.968257,0.1,1.49095,0.91606,7.13337,0.518582,1.81721,0.1,0.1,0.1,0.1,0.1,0.1,0.680691,0.1,0.595739,0.1,0.424517,0.1,0.1,0.1,0.1,0.1,0.1,0.1,0.1,0.1,0.1,0.1,0.1,0.1,0.1,0.1,0.1,0.1,0.1,0.1,0.1,0.1,0.1,0.1,0.1,0.1,0.1,0.1,0.1,0.1,0.1,0.1,0.1,0.1,0.1,0.1,0.1,0.1,0.1,0.1,0.1,0.1,0.1,0.1,0.1,0.1,0.1,0.1,0.1,0.1,0.1,0.1,0.1,0.1,0.1,0.1,0.1,0.1,0.1,0.1,0.1,0.1,0.1,0.1,0.1,0.1,0.1,0.1,0.1,0.1,0.937007,0.1,0.1,0.1,0.1,0.1,0.1,0.1,0.1,0.1,0.1,0.1,0.1,0.1,0.1,0.1,0.1,0.1,0.1,0.1,0.1,0.1,0.1,0.1,0.1,0.1,0.1,0.1,0.1,0.1,0.1,0.1,0.1,0.1,0.1,0.1,24.5707,0.1,87.536,28.8183,5.01373,33.2465,62.3213,23.2295,23.5718,18.7671,0.502078,18.6552,73.694,25.0099,35.6988,104.584,67.9341,29.2344,0.1,15.3244,31.8079,6.94213,70.041,0.1,126.36,0.791007,48.882,106.124,102.021,5.17392,36.4857,0.1,30.6933,15.6464,62.156,1.60665,51.8151,55.3615,47.9898,79.1804,51.0263,22.0912,9.38726,38.0122,11.6438,67.9195,82.0904,91.0735,100.402,35.709,77.1922,3.62242,94.5627,0.707151,51.5411,21.4549,45.6084,53.2735,60.6042,60.9554,31.9539,1.73858,36.1459,86.9538,122.585,66.7053,33.8499,59.7546,11.0432,42.6262,23.1357,60.9624,53.3379,2.87105,120.476
Ran,1.19826,2.66075,1.15835,2.60131,5.99266,0.923433,1.73279,1.10196,1.78351,2.20118,0.1,1.06896,0.1,0.1,1.24506,0.1,0.1,1.9767,0.726731,0.545547,0.1,4.66953,0.1,0.1,0.1,0.1,1.76712,0.1,0.673261,1.42188,3.88803,1.38207,0.1,4.64841,4.85038,2.48934,0.968257,2.42135,1.49095,4.21262,3.59584,7.00224,6.44726,0.896754,5.96004,2.57585,5.73523,13.6618,10.8088,13.4317,12.1183,12.0237,9.15181,6.84469,9.21308,8.15581,5.75328,3.03231,2.51244,1.85094,5.80058,0.1,4.95161,3.79146,3.63538,1.39487,6.65466,3.41071,5.86302,5.06025,9.41504,5.35419,2.57436,8.40546,5.54351,3.88993,7.62565,0.1,7.29125,1.1722,1.5237,5.19616,0.1,3.20055,3.61924,1.8586,4.64112,5.05107,0.1,2.16351,5.80452,9.09945,1.84124,7.62949,3.8865,8.11494,2.53002,5.35367,0.1,4.94274,7.90911,7.76798,1.27305,2.2784,3.13659,11.2606,3.75852,3.85395,5.41096,6.45373,0.1,0.1,4.7825,3.87223,3.01496,6.23682,2.85092,0.1,2.14463,10.0775,9.20933,1.82876,0.1,2.62092,3.39827,4.09632,3.44284,0.1,2.89986,8.18681,5.66932,7.32822,6.98197,1.29738,3.91159,8.25389,3.64528,1.44669,3.34556,0.1,0.1,2.69659,4.30149,5.8192,0.1,1.81092,1.46791,6.14211,5.2358,7.27788,3.82865,3.32721,1.40136,5.39519,0.1,0.1,5.72642,0.81444,0.1,0.1,1.00489,0.1,2.73158,2.05388,1.14083,0.1,1.66614,0.1,1.10212,0.905735,0.1,1.31582,0.1,0.1,1.24296,0.1,1.22652,1.16991,0.1,2.39795,1.32188,0.1,3.96532,1.82453,2.18119,0.801482,2.22196,1.25327,0.1,1.32945,0.1,0.1,0.1,0.1,1.60665,1.98993,1.40861,7.41813,0.1,0.1,0.1,0.1,0.1,2.93441,0.1,0.791938,1.38394,2.0496,1.58047,2.32152,0.1,0.1,2.54299,0.1,1.70375,0.1,0.1,0.1,0.1,0.1,0.1,3.39189,1.26057,1.67992,0.1,0.1,1.90886,1.07521,1.86806,1.60276,1.3631,0.1,0.1,4.08102
S100a6,0.1,0.1,0.1,0.930496,0.1,0.1,0.1,2.10785,0.1,0.1,0.1,0.1,0.1,0.1,0.1,0.1,0.1,0.1,0.726731,0.1,0.1,0.1,0.1,0.1,0.1,0.1,0.1,0.1,0.673261,4.08125,1.9903,6.56114,1.56126,0.1,0.1,3.29209,0.968257,0.1,0.1,0.1,0.1,0.1,0.1,0.1,0.1,0.591279,0.1,0.1,0.1,0.1,0.1,0.1,0.1,0.1,0.1,0.1,0.1,0.1,0.1,0.1,0.1,0.1,1.0627,0.1,0.1,0.1,0.1,0.1,0.1,0.1,0.1,0.1,0.1,0.1,0.1,0.1,0.1,0.1,0.1,0.1,0.1,0.1,0.1,0.1,0.1,0.1,0.1,0.1,0.1,0.1,0.1,0.1,0.1,0.1,0.1,0.1,0.1,0.1,0.1,0.1,0.1,0.1,0.1,0.1,0.1,0.1,0.1,0.1,0.1,0.1,0.1,0.1,0.1,0.1,0.1,0.1,0.1,0.1,0.1,0.1,0.1,0.1,0.1,0.1,0.1,0.1,0.1,0.1,0.1,0.1,0.1,0.1,0.1,0.1,0.1,0.1,0.1,0.1,0.1,0.1,0.1,0.1,0.1,0.1,0.1,0.1,0.1,0.1,0.1,0.1,0.1,0.1,0.1,0.1,0.1,0.1,0.1,0.1,0.1,1.6862,0.1,0.1,0.1,0.1,0.1,0.1,0.1,0.1,0.1,0.1,0.1,0.1,0.1,0.1,0.1,0.1,0.1,0.1,0.1,0.1,0.1,0.1,2.0212,0.1,0.1,0.1,0.1,0.1,0.1,0.1,2.03475,0.1,0.1,0.1,0.1,0.1,0.1,1.55212,0.1,0.1,0.1,0.1,0.849151,1.0411,0.1,0.1,0.1,0.1,0.1,0.1,0.1,0.1,0.1,0.1,0.1,0.1,0.1,0.1,0.1,0.1,0.1,1.19299,0.1,0.1,0.1,0.1,0.1,1.07521,0.1,0.1,0.1,0.1,0.1,0.1
Sfrp1,0.1,0.1,0.1,0.1,0.931872,0.923433,0.1,0.1,0.1,0.1,0.1,0.1,0.1,0.1,0.1,0.1,0.1,0.1,0.1,0.1,0.1,0.1,0.1,1.6146,0.1,0.1,0.1,0.1,1.24878,4.08125,7.706,7.86881,6.76785,0.1,1.66465,5.71958,0.968257,0.1,1.02547,2.55783,0.1,0.518582,0.440744,0.1,0.1,0.1,0.1,0.872473,0.1,0.1,0.1,0.1,0.535523,0.1,0.1,0.1,0.1,0.1,0.1,0.1,0.1,0.1,0.1,1.56786,0.1,0.1,0.1,0.1,1.05106,0.1,0.1,0.1,0.1,1.74804,0.1,0.1,0.1,1.49793,0.1,0.1,1.5237,0.1,0.1,0.1,0.1,0.1,0.1,0.1,0.1,0.1,0.1,0.1,0.1,0.1,0.1,1.42269,0.1,0.1,0.1,0.1,0.1,1.04529,1.27305,0.1,0.1,0.1,0.1,1.3464,0.1,1.67908,0.1,1.95086,6.35568,0.1,0.1,0.1,0.1,0.1,0.1,1.8818,0.1,0.1,1.36925,0.1,0.1,0.1,1.76815,0.1,0.1,0.1,0.1,0.1,0.1,1.29738,2.00206,0.1,0.1,0.1,1.17761,0.1,0.1,0.1,0.1,0.1,0.1,0.1,0.1,0.1,0.1,0.1,0.1,0.1,0.1,0.1,0.893488,0.1,0.1,0.1,0.1,0.1,0.1,0.1,0.1,0.1,1.14083,0.1,0.1,0.957776,0.1,0.1,0.1,0.1,0.1,0.1,0.1,0.1,0.1,0.1,0.1,0.1,0.1,0.1,0.1,0.1,0.1,0.1,0.1,0.675506,0.1,0.1,0.1,1.95896,0.1,0.1,0.1,0.1,0.1,0.1,0.1,0.1,0.1,0.1,0.1,0.1,0.1,0.1,0.1,0.1,0.1,0.1,0.1,0.1,0.1,0.1,0.1,0.1,0.1,0.1,0.1,0.1,0.1,0.1,0.1,0.1,0.1,0.1,0.1,0.1,0.1,0.1,2.63116,0.1,0.1,0.1
Slc4a4,0.1,0.950232,0.1,0.1,0.1,0.1,0.1,0.1,0.1,0.1,0.1,9.96458,15.3428,14.4357,15.3472,9.19279,16.6736,9.55784,4.53952,18.3916,19.8782,7.74608,7.92405,3.13516,8.9995,23.2789,11.9092,8.6083,5.34196,0.1,0.1,3.96137,0.1,0.1,0.1,1.68976,0.1,0.870747,0.1,0.1,1.26071,0.1,0.440744,0.1,0.1,4.59231,0.1,0.1,0.1,0.1,0.1,0.1,0.1,0.1,0.1,0.1,0.1,0.1,0.1,0.1,0.1,0.1,0.1,0.1,0.1,0.1,0.1,0.1,0.1,0.1,0.1,0.1,0.1,0.1,0.1,0.1,0.1,0.1,0.1,0.1,0.1,0.1,0.1,0.1,0.1,0.1,0.1,0.1,0.1,0.1,0.1,0.1,0.1,0.1,0.1,0.1,0.1,0.1,0.1,0.1,0.1,0.1,0.1,0.1,0.1,0.1,0.1,0.1,0.1,0.1,0.1,0.1,0.1,0.1,0.1,0.1,0.1,0.1,0.1,0.1,0.1,0.1,0.1,0.1,0.1,0.1,0.1,1.97691,1.49718,0.1,0.1,0.1,0.1,0.1,0.1,0.1,1.27712,0.1,0.1,0.1,0.1,0.1,0.1,0.1,0.1,0.1,0.1,0.1,0.1,0.1,0.1,0.1,0.1,0.1,0.1,0.1,0.1,0.1,3.861,0.1,0.1,0.1,0.1,0.1,1.14083,0.1,0.881533,0.1,0.1,0.1,0.1,0.1,0.1,0.1,0.1,0.1,0.1,0.1,0.1,0.1,0.709742,1.10575,0.1,0.1,0.1,0.801482,0.1,0.1,0.1,1.32945,0.1,1.95896,0.1,0.1,0.1,0.1,0.1,0.1,0.1,0.1,0.1,0.1,0.1,0.1,0.1,0.1,0.1,0.1,0.1,0.1,0.1,0.1,0.1,0.1,0.1,0.1,0.1,1.2146,0.1,0.1,0.1,0.1,0.1,1.67992,0.1,0.1,0.1,0.1,0.1,0.1,0.1,0.1,0.1,0.1
Slc6a9,0.1,0.1,0.1,0.930496,0.1,0.1,0.914795,1.10196,0.1,0.1,1.92167,3.01832,3.86556,6.62379,5.87067,5.74908,6.19045,3.86078,0.726731,0.1,0.1,0.1,0.1,0.1,1.07325,3.64307,8.50162,0.1,0.1,0.1,0.1,1.38207,0.1,0.1,0.1,0.893321,0.1,0.1,0.1,0.1,0.1,0.1,0.440744,0.1,0.822411,0.1,0.1,0.1,0.1,0.1,0.1,0.1,0.1,0.1,1.02684,0.1,0.1,0.1,0.1,0.1,0.1,0.1,0.1,0.1,0.1,0.1,0.1,0.1,0.1,0.1,0.1,0.1,0.1,0.1,0.1,0.1,0.1,0.1,0.1,0.1,0.1,0.1,0.1,0.1,0.1,0.1,0.1,0.1,0.1,0.1,0.1,0.1,0.1,0.1,0.1,0.1,0.1,0.1,0.1,0.1,0.1,0.1,0.1,0.1,0.1,0.1,0.1,0.1,0.1,0.1,0.1,0.1,0.1,0.1,0.1,0.1,0.1,0.1,0.1,0.1,0.1,0.1,0.1,0.1,0.1,0.1,0.1,0.1,0.1,0.1,0.1,0.1,0.1,0.1,0.1,0.1,0.1,0.1,0.1,0.1,0.1,0.1,0.1,0.1,0.1,0.1,0.1,0.1,0.1,0.1,0.1,0.1,0.1,0.1,0.1,0.1,0.1,0.1,0.1,0.1,2.82537,1.43204,2.73158,1.07502,0.1,3.80305,3.24466,1.81892,0.1,4.1934,1.22527,0.1,5.84044,0.1,3.54239,3.71892,3.50641,2.24828,3.83814,2.97813,3.17286,2.11544,6.59408,1.24743,3.5824,2.92255,1.1589,4.17666,2.62697,0.1,3.98479,1.02766,3.6164,4.68328,1.60665,0.1,1.40861,1.55212,3.95408,0.1,7.25371,0.1,0.849151,1.98589,3.99626,4.29285,3.96699,1.07289,0.1,0.1,3.62242,4.13122,3.77907,3.12147,0.1,0.1,1.56046,0.1,1.36295,1.42435,5.0351,1.19299,1.26057,0.1,3.88533,3.18221,0.1,3.03717,7.21414,0.849906,3.90423,2.43008,1.48007,0.1
Sparc,0.1,0.1,0.1,0.1,0.1,5.93288,0.1,0.1,0.1,3.25799,0.1,9.96458,3.86556,5.52569,17.7651,1.22094,9.29071,9.55784,0.1,0.545547,0.1,0.1,2.03285,6.19431,1.07325,1.27639,8.50162,0.1,3.57371,1.42188,0.1,1.38207,7.52367,0.1,0.1,0.1,0.1,1.64452,0.1,0.1,1.26071,0.1,0.1,1.69664,0.1,0.1,0.523204,0.1,0.1,0.1,0.577836,0.1,0.1,0.1,0.562512,0.1,0.888405,0.1,0.1,0.1,0.1,1.68228,0.1,0.832489,1.27384,0.1,0.1,0.1,0.1,0.1,0.1,0.1,0.1,0.1,0.1,0.1,0.1,0.1,0.1,0.1,0.1,0.1,0.1,0.1,0.1,0.1,0.1,0.1,0.1,1.12973,0.1,0.1,0.1,0.1,0.1,0.1,0.1,0.1,0.1,0.1,0.1,0.1,0.1,0.1,0.1,0.1,0.1,0.1,0.1,0.1,0.1,0.1,0.1,0.1,0.1,0.1,0.1,0.1,1.12031,0.1,1.22298,0.1,1.36925,0.1,0.1,0.1,0.1,0.1,0.1,0.1,0.1,0.1,0.1,0.1,0.1,0.1,0.1,0.1,0.1,0.1,0.1,0.1,0.1,0.1,0.1,0.1,0.1,0.1,0.1,0.1,1.02667,0.1,0.1,0.1,0.1,0.1,0.1,0.1,0.1,0.1,0.1,0.1,0.1,0.1,0.1,0.1,2.45384,0.1,0.1,1.71784,0.1,0.1,0.1,0.1,0.1,0.1,0.1,1.70803,0.1,2.39795,0.709742,0.1,1.37828,1.24743,0.1,0.801482,0.1,1.25327,1.36101,0.1,3.00784,1.02766,1.26753,0.1,2.62104,0.1,1.40861,1.55212,0.1,0.1,1.28057,0.1,0.849151,0.1,0.1,0.1,0.1,4.0146,1.58047,0.1,0.1,0.1,0.707151,0.1,0.1,0.1,0.1,0.1,1.36295,0.1,1.73858,0.1,0.1,3.26604,0.1,0.1,0.1,2.05426,0.1,0.849906,1.3631,0.1,0.788683,0.1
Stmn2,0.1,0.1,0.1,0.1,0.1,0.1,0.1,0.1,0.1,0.1,0.1,0.1,0.1,0.1,0.1,0.1,0.1,0.1,0.1,0.1,0.1,0.1,0.1,0.1,0.1,0.1,0.1,0.1,0.1,0.1,0.1,1.38207,0.1,0.1,0.1,0.1,0.1,0.1,0.1,0.1,0.1,0.1,0.1,0.1,0.1,0.1,0.1,0.872473,1.32233,1.84894,2.5081,0.595739,0.972757,0.424517,0.1,0.1,0.1,5.9996,11.1082,5.37353,9.63865,9.68794,17.0015,12.9599,9.6219,7.94633,19.3318,11.0561,16.7972,14.4713,18.2536,17.4877,24.4289,8.40546,5.54351,9.01369,12.7438,12.8828,5.21618,21.2261,14.5942,6.48284,9.76099,3.20055,4.80159,27.2303,3.12145,13.4348,15.6958,27.1357,15.4641,0.1,8.87518,0.1,12.8992,8.11494,1.91892,13.3926,7.74442,4.94274,2.30917,13.6831,19.443,14.575,10.8339,11.2606,16.7941,2.59771,20.4627,4.85589,5.59723,24.7454,12.7115,11.5066,13.4012,13.5854,20.0743,4.79864,16.9245,12.8764,4.61852,14.1234,11.7061,6.88962,8.39469,21.9797,17.0827,15.3251,18.7044,7.16181,13.1987,6.51219,5.98707,1.29738,2.00206,4.15277,12.0838,6.88679,11.0707,16.8505,22.529,19.8931,17.2116,2.94834,23.4093,5.27356,22.6563,13.0789,10.5181,4.05595,14.3959,21.2125,7.98568,17.4259,14.8808,21.9785,7.61672,37.1268,18.0501,0.1,0.1,0.1,0.1,0.1,0.1,0.1,0.1,0.1,0.1,0.1,0.1,0.1,0.1,0.1,0.1,0.1,0.1,0.1,0.1,0.1,0.1,0.1,0.1,0.1,0.1,0.1,0.1,0.1,0.1,0.1,0.1,0.1,0.1,0.1,0.1,0.1,0.1,0.1,0.1,0.1,0.1,0.1,0.1,0.1,0.1,0.1,0.1,0.1,0.1,0.1,0.1,0.1,0.1,0.1,0.1,0.1,0.1,0.1,0.1,0.1,0.1,0.1,0.1,0.1,0.1,0.1,0.1,0.1,0.1,0.1,0.1,0.1,0.1,0.1
Sulf2,14.4892,5.25204,7.59694,4.28537,12.0534,7.62956,12.67,8.22767,18.9912,7.5274,13.1623,1.06896,0.1,0.1,0.1,0.1,0.1,0.1,0.1,0.1,0.1,0.1,0.1,0.1,0.1,0.1,0.1,0.1,0.1,0.1,0.1,2.66918,0.1,0.1,0.1,0.1,0.1,0.1,0.1,0.1,0.1,0.1,0.1,0.1,0.1,0.1,0.1,0.1,0.1,0.680691,0.1,0.1,0.535523,0.1,0.1,0.8179,0.1,0.1,0.1,0.1,0.1,0.1,0.1,0.1,0.1,0.1,0.1,0.1,0.1,0.1,0.1,0.1,0.1,0.1,2.81104,0.1,0.1,0.1,0.1,0.1,0.1,0.1,0.1,0.1,0.1,0.1,0.1,0.1,0.1,0.1,0.1,0.1,0.1,0.1,0.1,0.1,0.1,0.1,0.1,0.1,0.1,0.1,0.1,0.1,0.1,0.1,0.1,0.1,0.1,0.1,0.1,0.1,1.65471,0.1,0.1,0.1,0.1,0.1,0.1,0.1,0.1,0.1,0.1,0.1,0.1,0.1,0.1,0.1,0.1,0.1,0.1,0.1,0.1,0.1,0.1,0.1,0.1,0.1,0.1,0.1,0.1,0.1,0.1,0.1,0.1,0.1,0.1,0.1,0.1,0.1,0.1,0.1,0.1,0.1,0.1,0.1,0.1,0.1,0.1,1.6862,0.1,0.1,2.73158,5.01373,0.1,0.1,2.45384,2.68347,1.10212,2.12631,0.1,1.31582,1.23907,0.1,1.24296,5.53909,1.22652,2.79068,3.83814,3.56063,2.55342,0.1,1.37828,0.672589,1.48473,4.35068,1.1589,1.83332,3.89793,0.1,1.06548,3.83261,0.1,1.00945,0.600246,3.88728,0.1,0.1,5.24894,1.75786,1.28057,0.1,0.849151,1.98589,3.43299,0.791938,1.38394,2.0496,1.58047,1.20858,0.1,1.10187,1.31669,1.60778,3.3138,1.17766,4.49864,1.2146,2.63087,1.42435,0.1,0.1,3.59544,3.26604,0.1,2.15077,0.1,0.1,0.1,2.35858,0.1,1.26276,0.788683,4.08102
Thbs4,0.1,0.1,0.1,0.1,0.1,0.1,0.1,0.1,0.1,0.1,0.1,0.1,0.1,0.1,0.1,0.1,0.1,0.1,0.1,0.1,0.1,0.1,0.1,4.66171,0.1,0.1,0.1,0.1,0.1,1.42188,0.1,3.96137,9.04457,0.1,0.1,0.1,0.1,0.1,0.1,0.1,0.1,0.1,0.1,0.896754,0.1,0.1,0.948071,0.1,0.1,0.1,0.1,0.1,0.1,0.1,0.1,0.1,0.1,0.1,0.1,0.1,0.1,0.1,0.1,0.1,0.1,0.1,0.1,0.1,0.1,0.1,0.1,0.1,0.1,0.1,0.1,0.1,0.1,0.1,0.1,0.1,0.1,0.1,0.1,0.1,0.1,0.1,0.1,0.1,0.1,0.1,0.1,0.1,0.1,0.1,0.1,0.1,0.1,0.1,0.1,0.1,0.1,0.1,0.1,0.1,0.1,0.1,0.1,0.1,0.1,0.1,0.1,0.1,0.1,0.1,0.1,0.1,0.1,0.1,0.1,0.1,0.1,0.1,0.1,0.1,0.1,0.1,0.1,0.1,0.1,0.1,0.1,0.1,0.1,0.1,0.1,0.1,0.1,1.44669,0.1,0.1,0.1,0.1,0.1,0.1,0.1,0.1,0.1,0.1,0.1,0.1,0.1,0.1,0.1,0.1,0.1,0.1,0.1,0.1,0.1,0.1,0.1,0.1,0.1,0.1,0.1,0.1,0.1,0.1,0.1,0.1,0.1,0.1,0.1,0.1,0.1,0.1,0.1,0.1,0.1,0.1,0.1,0.1,0.1,0.1,0.1,0.1,0.1,0.1,0.1,0.1,0.1,0.1,0.1,0.1,0.1,0.1,0.1,0.1,0.1,0.1,0.1,0.1,0.1,0.1,0.1,0.1,0.1,0.1,0.1,0.1,0.1,0.1,0.1,0.1,0.1,0.1,0.1,0.1,0.1,0.1,0.1,0.1,0.1,0.1,0.1,0.1,0.1,0.1,0.1,0.1,0.1,0.1,0.1,0.1
Tmsb10,0.648053,0.950232,0.1,0.1,0.931872,0.923433,0.1,0.1,0.1,0.1,1.00905,0.1,0.1,0.1,0.1,0.1,0.1,0.1,0.1,0.1,0.1,0.1,0.1,0.1,0.1,1.27639,0.1,0.1,0.1,0.1,0.1,0.1,0.1,0.1,1.66465,0.1,0.1,0.1,3.84626,0.91606,1.26071,1.36069,1.12626,0.896754,3.00676,1.57964,0.523204,2.42655,13.4391,20.5754,6.46269,15.3281,10.5754,3.74152,3.8518,10.4157,5.33876,20.3351,30.3787,32.716,45.625,26.1911,35.1506,19.3316,19.456,29.8279,28.5243,18.0936,15.7826,20.6885,24.6673,21.6323,16.5415,15.1698,16.6947,43.0315,21.9041,30.6709,11.4919,23.5477,26.6202,22.3358,18.2605,24.8611,28.2047,23.5169,18.5948,21.9893,30.2839,15.9859,23.333,25.7598,41.9812,25.9255,31.7207,12.1948,21.3947,31.5049,31.4277,18.1429,13.6226,28.0758,27.0311,18.0253,21.874,26.0802,16.7941,16.6967,28.9649,17.8194,21.1768,20.8692,30.7331,17.313,21.0018,12.5227,24.0807,24.3701,24.6411,33.4985,15.0531,15.908,18.3381,19.3162,20.2892,29.1171,22.3124,29.0554,39.8874,27.3793,17.0089,20.8541,23.4678,17.3055,52.1471,25.1658,24.5651,26.6345,30.7869,33.6009,28.746,16.1595,29.0934,29.6416,15.5146,20.6356,36.0147,15.6822,21.5571,25.0983,8.57358,31.8114,37.1586,32.376,20.0573,29.6407,23.0149,18.0692,8.47437,0.1,0.1,0.1,0.1,0.1,0.1,0.1,0.1,0.1,0.1,0.502078,2.35496,0.1,0.1,0.1,0.1,0.1,0.1,0.1,0.1,0.1,1.93643,0.1,1.37828,0.1,0.1,0.1,0.1,0.1,0.1,0.1,1.06548,0.1,0.1,0.1,1.10246,0.1,0.1,0.1,0.1,0.1,0.1,0.1,0.1,0.1,2.31319,0.1,0.1,0.1,3.06676,1.20858,0.1,1.10187,0.1,0.1,0.1,1.17766,0.1,0.1,0.1,0.1,0.1,0.1,0.1,0.1,0.1,0.1,0.1,0.1,0.1,0.1,0.1,0.1,0.1,0.1
Tmsb4x,2.86197,19.6199,1.15835,3.44167,3.4472,3.41325,3.37849,1.10196,0.1,2.20118,2.83789,0.1,0.1,1.17661,1.24506,0.1,0.1,0.1,0.1,0.992845,1.58533,0.1,0.1,1.6146,1.07325,0.1,0.1,3.71757,1.24878,1.42188,3.88803,3.96137,1.56126,10.688,16.6441,7.35421,11.6614,0.870747,6.73614,23.3388,10.7136,12.958,23.7958,10.7093,19.0669,6.1262,9.81604,30.0109,12.7774,19.2507,20.2785,39.8803,28.1274,41.1691,37.8477,35.5593,14.8781,20.3351,7.39484,14.3033,23.317,24.5102,23.2552,13.7446,18.209,22.8332,20.3357,23.5308,40.2624,9.2856,20.0664,5.35419,12.6705,29.0336,15.2809,27.6186,15.3341,39.9086,51.4758,15.5067,40.6425,20.9846,12.5712,20.3839,15.659,16.1808,9.2364,15.1318,4.71384,17.0799,17.4194,18.28,23.2857,59.9737,15.5214,12.1948,24.8938,25.8264,29.4093,26.6138,20.6355,32.3506,41.4621,11.167,10.8339,17.7798,9.30067,16.6967,9.4498,32.9192,11.1824,15.1138,22.44,62.1805,11.8996,12.5227,15.1611,23.1085,30.2961,12.8764,17.4244,10.5756,41.9587,22.0757,20.2892,13.6085,13.6316,21.1614,20.1765,19.7428,20.85,10.6257,12.0172,24.9862,33.4933,20.8592,9.64856,9.63944,48.1557,26.7705,28.746,18.9537,23.103,34.2877,27.4054,13.2715,25.581,16.34,29.8654,38.8722,10.4985,34.2235,28.5591,11.8904,17.4526,69.7119,26.9433,26.1118,7.69769,8.09383,6.50991,5.45974,12.1082,11.0411,10.6963,8.80934,8.05649,6.17616,10.3022,15.2029,18.6552,4.99209,9.33986,11.4291,3.54239,9.20109,14.239,14.7096,11.4493,8.91052,12.114,9.29665,11.9823,5.33581,13.7152,12.4155,13.0888,10.8203,10.329,11.3423,14.9946,14.4111,13.2013,11.2557,18.8903,13.4875,16.1519,11.8793,7.85414,11.8437,10.8952,14.1148,10.8647,12.6313,12.1286,7.14436,6.57054,12.0338,7.56099,9.09256,10.7512,4.13122,8.18459,10.7805,11.4603,9.95421,4.49864,6.85402,11.6486,8.12497,16.7817,12.3648,5.94884,21.1376,7.70059,14.8051,5.54795,12.0623,12.6242,7.7345,16.919,3.60201,7.82795,7.32335
Trf,0.648053,0.950232,0.1,0.1,0.1,0.1,0.1,0.1,0.1,0.1,0.1,1.06896,0.1,0.1,0.1,0.1,0.1,0.1,0.1,0.1,0.1,0.1,0.1,0.1,0.1,0.1,1.76712,0.1,0.1,0.1,0.1,0.1,0.1,0.742103,0.1,0.1,0.1,0.1,0.1,0.1,0.1,0.1,0.1,0.1,0.1,0.1,0.1,0.1,0.1,0.1,0.1,0.1,0.535523,0.1,0.1,0.1,0.1,0.1,0.1,0.1,0.1,0.1,0.1,0.1,0.1,0.1,0.1,0.1,0.1,0.1,0.1,0.1,0.1,0.1,0.1,0.1,0.1,0.1,0.1,0.1,0.1,0.1,0.1,0.1,0.1,0.1,0.1,0.1,0.1,0.1,0.1,0.1,0.1,0.1,0.1,0.1,0.1,0.1,0.1,0.1,0.1,0.1,0.1,0.1,0.1,0.1,0.1,0.1,0.1,0.1,0.1,0.1,0.1,0.1,0.1,0.1,1.01337,0.1,0.1,0.1,0.1,0.1,0.1,0.1,0.1,0.1,0.1,0.1,0.1,0.1,0.1,0.1,0.1,0.1,0.1,0.1,0.1,0.1,0.1,0.1,0.1,0.1,0.1,0.1,0.1,0.1,0.1,0.1,0.1,0.1,0.1,0.1,0.1,0.1,0.1,0.1,0.1,0.1,0.1,22.8925,61.8448,17.837,46.4044,41.2743,30.9035,17.767,49.3934,30.3455,29.7576,54.3313,27.1655,18.8567,40.2639,7.2516,14.1199,35.6827,32.01,37.2286,38.2259,34.6691,40.1238,30.9946,59.3259,32.6023,49.9738,28.0786,25.5692,33.4869,43.1222,35.111,46.6215,31.7491,29.4651,22.974,45.1183,25.2656,24.4764,24.0449,22.5661,47.3107,35.0388,30.2987,42.6246,32.2076,19.4946,31.781,18.5492,24.5695,6.05697,16.0294,60.0697,33.1408,39.1722,18.5949,24.8413,5.53097,25.7404,41.967,15.5918,13.5827,37.7189,32.447,31.8574,24.4737,25.2526,28.1031,20.3978,49.4525,34.9368,30.8869,15.5936,18.0381,44.4191,28.8609
Trps1,0.648053,0.950232,0.1,0.1,0.1,0.1,0.1,0.1,0.1,0.1,0.1,3.01832,0.1,2.25745,1.24506,0.1,4.14421,7.65129,1.35592,1.89275,3.0765,3.14036,3.00499,1.6146,0.1,0.1,5.12106,8.6083,2.98901,2.74894,3.88803,0.1,1.56126,0.1,1.66465,1.68976,0.1,0.870747,0.56183,0.1,0.1,0.1,0.1,2.49968,0.1,2.57585,0.1,0.1,0.1,0.680691,0.577836,2.0947,0.972757,0.1,0.1,0.1,0.49343,0.1,0.1,0.1,0.1,0.1,0.1,0.832489,0.1,0.1,0.1,0.1,0.1,0.1,0.1,0.1,0.1,0.1,0.1,0.1,0.1,1.49793,1.1152,0.1,1.5237,0.1,0.1,0.1,0.1,0.1,0.1,0.1,0.1,1.12973,0.1,0.1,0.1,0.1,0.1,1.42269,0.703926,0.1,0.1,0.1,0.1,0.1,0.1,0.1,0.1,0.1,0.1,0.1,0.1,0.1,0.1,0.1,0.1,5.7695,0.1,0.1,1.93034,0.1,0.1,0.1,0.1,0.1,0.1,0.1,0.1,0.1,0.1,0.1,0.1,0.1,0.1,0.1,0.1,0.1,0.1,0.1,0.1,0.1,1.17761,0.1,0.1,0.1,0.1,0.1,0.1,0.1,0.1,0.1,0.1,0.1,0.1,1.17151,0.1,0.1,0.1,1.27451,0.1,0.81444,0.1,0.1,0.1,0.1,0.1,0.1,0.1,1.3295,0.1,0.1,0.1,0.502078,0.1,0.1,0.1,0.1,2.39041,0.1,0.1,0.1,1.34116,0.1,0.1,0.1,0.737887,0.1,1.48473,0.1,0.1,0.1,0.1,0.1,2.03475,1.02766,0.1,1.00945,0.600246,0.1,0.1,0.1,0.1,0.1,0.1,0.1,0.1,0.1,0.1,0.1,0.1,0.1,0.1,1.20858,0.1,2.10767,0.1,0.1,0.1,0.1,0.1,0.1,0.1,1.42435,1.73858,0.1,0.1,0.1,0.1,0.1,0.1,0.1,0.1,0.1,1.3631,0.1,0.1,0.1
Tubb3,0.1,0.1,0.1,0.1,0.1,0.1,0.1,0.1,0.1,1.14853,1.00905,0.1,0.1,0.1,0.1,0.1,0.1,0.1,0.1,0.1,1.58533,0.1,0.1,0.1,0.1,0.1,0.1,0.1,0.673261,0.1,0.1,1.38207,0.1,0.1,0.1,0.1,0.1,0.1,0.56183,0.1,0.1,0.518582,0.440744,0.1,0.1,0.1,0.1,1.64798,2.55431,2.43653,2.02267,3.61162,2.29486,1.73544,6.25864,3.71793,0.1,10.0119,2.51244,5.37353,11.5692,8.07407,9.90085,10.6253,4.82316,13.2825,19.3318,4.2466,6.83695,10.141,4.28346,6.68077,10.116,10.0864,2.81104,7.72508,15.3341,18.7143,7.29125,18.924,19.0575,9.07166,9.76099,8.45076,8.37702,8.96266,9.2364,10.0612,12.5265,21.5018,17.4194,16.429,5.34431,8.90195,11.5961,12.1948,10.0585,6.68012,9.67448,3.32214,7.90911,10.7074,9.6155,4.47403,4.66387,9.64715,18.6865,2.59771,9.4498,8.05792,8.37865,3.809,1.65471,7.67429,10.404,12.5227,6.56998,3.61702,11.5493,7.31261,2.35036,15.908,1.36925,10.367,11.7589,10.8634,5.12415,23.1228,8.56633,6.14091,0.1,6.51219,1.07153,6.13434,3.91159,1.44562,6.03223,2.79867,13.3183,11.4989,13.3942,10.6752,7.13026,8.71294,17.4762,8.79204,11.1962,7.37997,5.98125,1.67303,6.66418,13.2436,5.33629,10.7969,8.1782,12.0573,3.84356,8.86356,4.62219,0.1,1.00489,0.1,0.1,1.07502,1.14083,0.1,0.1,0.1,0.1,1.31099,1.22527,1.31582,0.1,0.1,0.1,0.1,0.1,2.24828,0.1,0.1,0.1,0.1,0.737887,0.672589,0.1,0.1,0.1,0.1,1.36101,0.1,0.1,0.1,1.26753,0.1,0.1,0.1,0.1,0.1,0.1,0.1,0.1,0.1,0.1,0.1,0.1,1.4866,1.38394,0.1,0.1,0.1,0.1,0.1,0.1,1.60778,0.1,0.1,0.1,0.1,0.1,0.1,1.73858,0.1,0.1,0.1,0.1,0.1,0.1,1.07521,0.1,0.849906,1.3631,0.1,0.1,0.1
Tubb4a,2.3052,1.80381,2.22086,2.60131,0.1,0.1,0.1,1.10196,1.78351,2.20118,1.92167,0.1,0.1,0.1,0.1,0.1,0.1,0.1,0.1,0.1,0.1,0.1,0.1,0.1,0.1,1.27639,1.76712,0.1,0.1,0.1,0.1,0.1,0.829196,0.1,0.1,0.1,0.1,0.1,0.1,0.1,4.77033,0.1,0.1,0.1,0.1,0.1,0.1,0.1,0.709964,0.1,0.577836,0.1,0.535523,0.1,0.1,0.1,0.1,0.1,3.7258,0.1,0.1,0.1,1.0627,0.1,1.27384,0.1,0.1,0.922803,0.1,1.74038,0.930117,0.1,0.1,0.1,0.1,1.35835,0.1,0.1,1.1152,0.1,0.1,0.1,0.1,0.1,0.1,1.8586,0.1,0.1,0.1,1.12973,1.99405,0.1,0.1,0.1,0.1,0.1,0.1,1.40568,1.99985,1.70791,0.1,2.94704,1.27305,3.37405,0.1,0.1,1.92567,0.1,0.1,1.67908,0.1,0.1,0.1,0.1,0.1,2.12948,0.1,2.44007,2.14463,1.8818,0.1,0.1,0.1,0.1,1.7459,0.1,0.1,9.55888,0.1,0.1,0.1,0.890479,2.04688,2.49947,0.1,0.1,0.1,1.44669,0.1,1.11582,0.1,0.962133,0.1,0.1,0.1,1.81092,0.1,1.28932,0.1,0.1,0.1,0.1,1.40136,2.20556,3.29276,1.27451,0.1,2.97469,0.846289,8.09383,21.8649,32.1389,21.7543,19.3113,15.056,10.0735,18.8978,17.9278,33.1489,21.926,12.727,18.8567,10.5157,19.9926,9.37145,12.8924,26.5115,24.5454,12.7357,10.7383,20.2088,16.6843,16.1438,31.1819,20.5504,7.97157,20.964,21.7173,16.8911,20.3732,16.0203,13.4297,14.4214,20.9795,18.3133,27.2568,37.3652,27.1497,19.8415,16.9781,15.82,12.5326,9.28935,16.6222,16.9961,13.7336,14.5075,22.4358,15.1721,21.9429,23.5056,25.2984,29.3556,18.5949,18.0962,16.7252,25.7404,19.6684,33.259,37.8132,13.3918,41.1551,25.4803,19.4798,21.2966,14.8051,31.857,16.1809,12.6242,14.069,16.919,13.1477,11.4561,27.9538
Vcan,23.8905,6.9969,6.51314,14.6805,5.14078,17.2141,10.0946,6.17143,6.87394,8.60547,7.474,0.1,0.1,0.1,0.1,0.1,0.1,0.1,0.1,0.1,0.1,0.1,0.1,0.1,3.03125,0.1,0.1,0.1,0.1,0.1,0.1,0.1,0.1,2.68363,0.1,0.1,0.968257,0.870747,4.80171,0.1,0.1,0.518582,0.782826,0.1,0.822411,0.591279,0.1,0.1,0.1,2.43653,0.1,0.1,1.85241,0.1,0.1,0.1,0.888405,1.0736,0.1,1.85094,3.89291,0.1,2.02918,1.56786,1.27384,1.39487,0.1,0.1,0.1,2.56542,1.7635,1.40581,0.1,0.1,1.45286,0.1,0.1,0.1,0.1,2.24862,0.1,0.1,4.20767,1.12946,1.26847,0.1,0.1,0.1,0.1,2.16351,0.1,0.1,8.87518,0.1,0.1,1.42269,1.91892,0.1,5.822,0.1,0.1,0.1,3.63301,4.47403,3.13659,3.25729,0.1,0.1,5.41096,1.67908,0.1,0.1,0.1,1.98242,1.55462,2.12948,1.01337,0.1,0.1,0.989152,0.1,5.30672,0.1,0.1,1.7459,0.1,8.50679,1.97691,0.1,0.1,0.1,3.28065,0.1,1.29738,0.1,0.1,7.23285,6.88679,0.1,1.11582,0.1,0.1,7.13026,1.52138,2.00027,12.3682,1.46791,0.1,0.1,0.1,1.02667,0.1,2.70783,2.20556,0.893488,0.1,0.1,2.97469,1.59551,0.1,0.1,0.1,0.1,0.1,0.1,0.1,0.1,0.1,0.1,0.1,1.22527,0.1,0.1,0.1,0.1,0.1,0.1,0.1,0.1,0.1,1.32188,0.1,0.1,0.1,0.1,0.1,0.1,0.1,0.1,0.1,0.1,0.1,0.1,0.1,0.1,0.1,0.1,0.1,0.1,0.1,0.1,0.1,0.1,0.1,0.1,0.1,0.1,0.1,0.1,0.1,0.1,0.1,1.31669,0.1,0.1,0.1,0.1,0.1,0.1,0.1,0.1,0.1,0.1,0.1,0.1,1.12337,0.1,0.1,0.1,0.1,0.1,0.1,0.1,0.1
Xrn1,0.648053,0.1,0.1,0.1,0.1,0.1,0.1,0.1,0.1,0.1,0.1,1.06896,0.1,0.1,1.24506,0.1,0.1,0.1,0.726731,0.545547,0.1,0.1,0.1,6.19431,2.05032,0.1,0.1,0.1,1.82656,5.41883,1.9903,3.96137,0.1,0.742103,0.1,0.1,0.1,0.870747,1.02547,0.1,0.1,0.1,0.1,0.1,0.1,0.591279,0.1,0.1,1.32233,0.1,0.1,0.1,0.535523,0.1,0.562512,0.8179,1.28494,0.1,0.1,0.1,1.99274,0.1,0.1,0.1,0.1,0.1,0.1,0.1,0.1,0.918582,0.930117,0.1,0.1,0.1,0.1,0.1,0.1,0.1,0.1,0.1,0.1,0.1,0.1,0.1,0.1,0.1,0.1,0.1,0.1,0.1,0.1,1.88574,0.1,0.1,0.1,0.1,0.1,1.40568,0.1,1.70791,1.20242,0.1,2.4507,0.1,0.1,0.1,0.1,0.1,0.1,0.1,0.1,0.1,0.1,3.87223,0.1,0.1,1.01337,0.1,0.1,0.1,0.1,0.1,0.1,0.937007,0.1,0.1,0.1,0.1,0.1,0.1,0.1,0.1,1.07153,0.1,0.1,0.1,0.1,0.1,0.1,1.11582,0.1,0.1,1.495,0.1,0.1,0.1,0.1,0.1,0.1,0.1,0.1,0.1,0.1,0.1,0.1,0.1,0.1,0.1,3.10285,0.1,0.1,0.1,0.1,0.1,4.28801,0.1,0.1,0.1,1.10212,0.1,0.1,0.1,1.23907,0.1,0.1,0.1,0.662154,0.1,0.1,0.671103,0.1,0.1,0.1,0.672589,0.791007,0.801482,0.1,0.1,1.36101,0.1,1.06548,0.1,1.26753,1.00945,0.1,0.1,0.1,0.1,0.1,0.1,0.1,0.1,0.1,0.1,0.650038,0.1,0.1,0.1,0.1,0.1,0.1,0.1,0.1,0.1,0.1,0.1,0.1,0.1,0.1,1.42435,0.1,0.1,0.1,0.1,0.1,0.1,0.1,0.1,0.1,1.60276,0.1,0.1,0.1,0.1
