Protein_Class,Fold_Enrichment,Fold_Score,notes,pvalue,sig_score,notes,FDR,Lineage,Cluster,Cluster_2
Amino acid kinase,24.5,10,>10,4.76E-02,6,<0.05,1.00E+00,1_OL,1,A
Amino acid kinase,0.01,0,0,1.00E+00,0,ns,1.00E+00,2_common,2,B
Amino acid kinase,0.01,0,0,1.00E+00,0,ns,1.00E+00,3_neuro,3,C
Basic helix-loop-helix TF,5.87,5,5 to 6,1.60E-02,6,<0.05,2.15E-01,2_common,2,B
Basic helix-loop-helix TF,4.97,4,4 to 5,2.47E-02,6,<0.05,1.00E+00,1_OL,1,A
Basic helix-loop-helix TF,0.01,0,0,1.00E+00,0,ns,1.00E+00,3_neuro,3,C
DNA binding protein,5.08,5,5 to 6,2.32E-09,10,<0.001,1.66E-07,3_neuro,3,C
DNA binding protein,2.2,2,2 to 2.5,4.29E-02,6,<0.05,4.19E-01,2_common,2,B
DNA binding protein,0.53,0,0,5.95E-01,0,ns,1.00E+00,1_OL,1,A
DNA helicase,18.58,10,>10,1.84E-06,10,<0.001,5.65E-05,3_neuro,3,C
DNA helicase,4.02,4,4 to 5,2.25E-01,0,ns,1.00E+00,2_common,2,B
DNA helicase,0.01,0,0,1.00E+00,0,ns,1.00E+00,1_OL,1,A
DNA-directed RNA polymerase,6.45,6,6 to 7.5,4.16E-02,6,<0.05,1.00E+00,1_OL,1,A
DNA-directed RNA polymerase,2.93,2.5,2.5 to 3,2.94E-01,0,ns,1.00E+00,3_neuro,3,C
DNA-directed RNA polymerase,0.01,0,0,1.00E+00,0,ns,1.00E+00,2_common,2,B
mRNA splicing factor,8.88,8,8 to 9,1.49E-06,10,<0.001,5.33E-05,3_neuro,3,C
mRNA splicing factor,6.41,6,6 to 7.5,1.34E-03,9,<0.002,4.10E-02,2_common,2,B
mRNA splicing factor,1.08,1,1 to 2,6.05E-01,0,ns,1.00E+00,1_OL,1,A
Nuclease,5.02,5,5 to 6,3.78E-03,8,<0.005,2.71E-01,1_OL,1,A
Nuclease,3.56,3,3 to 4,5.49E-02,5,ns,5.13E-01,2_common,2,B
Nuclease,0.01,0,0,6.31E-01,0,ns,1.00E+00,3_neuro,3,C
DNA/RNA binding,7.51,7.5,7.5,1.04E-50,10,<0.001,7.47E-49,2_common,2,B
DNA/RNA binding,4.14,4,4 to 5,1.07E-20,10,<0.001,2.31E-18,3_neuro,3,C
DNA/RNA binding,1.96,1,1 to 2,1.23E-03,9,<0.002,1.32E-01,1_OL,1,A
Ribosomal protein,41.37,10,>10,1.44E-62,10,<0.001,3.09E-60,2_common,2,B
Ribosomal protein,8.28,8,8 to 9,1.45E-08,10,<0.001,7.78E-07,3_neuro,3,C
Ribosomal protein,2.1,2,2 to 2.5,1.75E-01,0,ns,1.00E+00,1_OL,1,A
RNA binding protein,14.64,10,>10,2.19E-55,10,<0.001,2.36E-53,2_common,2,B
RNA binding protein,5.99,5,5 to 6,1.43E-16,10,<0.001,1.54E-14,3_neuro,3,C
RNA binding protein,2.71,2.5,2.5 to 3,8.29E-04,10,<0.001,1.78E-01,1_OL,1,A
TF,2.3,2,2 to 2.5,3.40E-04,10,<0.001,7.31E-03,3_neuro,3,C
TF,1.95,1,1 to 2,8.38E-03,7.5,<0.01,4.51E-01,1_OL,1,A
TF,2.03,2,2 to 2.5,1.19E-02,6,<0.05,1.83E-01,2_common,2,B
Translation elongation factor,16.71,10,>10,1.01E-03,9,<0.002,3.64E-02,2_common,2,B
Translation elongation factor,4.71,4,4 to 5,1.97E-01,0,ns,1.00E+00,1_OL,1,A
Translation elongation factor,0.01,0,0,1.00E+00,0,ns,1.00E+00,3_neuro,3,C
Translation factor,8.32,8,8 to 9,4.33E-04,10,<0.001,1.86E-02,2_common,2,B
Translation factor,5.13,5,5 to 6,8.88E-03,7.5,<0.01,8.30E-02,3_neuro,3,C
Translation factor,4.22,4,4 to 5,3.67E-02,6,<0.05,1.00E+00,1_OL,1,A
Translation initiation factor,8.27,8,8 to 9,1.69E-03,9,<0.002,4.54E-02,2_common,2,B
Translation initiation factor,6.37,6,6 to 7.5,4.29E-03,8,<0.005,4.40E-02,3_neuro,3,C
Translation initiation factor,3.5,3,3 to 4,1.16E-01,0,ns,1.00E+00,1_OL,1,A
