Protein_Class,Fold_Enrichment,Fold_Score,notes,pvalue,sig_score,notes,FDR,Lineage,Cluster,Cluster_2
Acetyltransferase ,4.74,7,4 to 5,4.86E-04,10,<0.0001,3.48E-02,1_OL,1,A
Acetyltransferase ,0.01,0,ns,1.00E+00,0,ns,1.00E+00,2_common,2,B
Acetyltransferase ,0.01,0,ns,1.00E+00,0,ns,1.00E+00,3_neuro,3,C
Calcium-binding protein ,7.76,7.5,7.5 to 10,2.76E-02,7.5,<0.05,1.00E+00,2_common,2,B
Calcium-binding protein ,1.16,4,1 to 2,6.53E-01,0,ns,1.00E+00,1_OL,1,A
Calcium-binding protein ,0.01,0,ns,1.00E+00,0,ns,1.00E+00,3_neuro,3,C
Calmodulin ,11.01,10,>10,1.44E-02,7.5,<0.05,1.00E+00,2_common,2,B
Calmodulin ,0.82,3,0.5 to 1,1.00E+00,0,ns,1.00E+00,1_OL,1,A
Calmodulin ,0.01,0,ns,1.00E+00,0,ns,1.00E+00,3_neuro,3,C
Heterotrimeric g-protein ,15.38,10,>10,6.42E-02,6,ns,1.00E+00,3_neuro,3,C
Heterotrimeric g-protein ,0.89,3,0.5 to 1,1.00E+00,0,ns,1.00E+00,1_OL,1,A
Heterotrimeric g-protein ,0.01,0,ns,1.00E+00,0,ns,1.00E+00,2_common,2,B
Intracellular calcium-sensing protein ,11.01,10,>10,1.44E-02,7.5,<0.05,1.00E+00,2_common,2,B
Intracellular calcium-sensing protein ,0.82,3,0.5 to 1,1.00E+00,0,ns,1.00E+00,1_OL,1,A
Intracellular calcium-sensing protein ,0.01,0,ns,1.00E+00,0,ns,1.00E+00,3_neuro,3,C
Ligase ,2.4,5,2 to 4,4.35E-03,9,<0.005,1.56E-01,1_OL,1,A
Ligase ,0.01,0,ns,1.00E+00,0,ns,1.00E+00,2_common,2,B
Ligase ,0.01,0,ns,1.00E+00,0,ns,1.00E+00,3_neuro,3,C
Lyase ,3.45,6,3 to 4,3.19E-03,9,<0.005,1.37E-01,1_OL,1,A
Lyase ,0.01,0,ns,1.00E+00,0,ns,1.00E+00,2_common,2,B
Lyase ,0.01,0,ns,1.00E+00,0,ns,1.00E+00,3_neuro,3,C
Non-motor microtubule binding protein ,4.59,7,4 to 5,2.82E-03,9,<0.005,1.51E-01,1_OL,1,A
Non-motor microtubule binding protein ,0.01,0,ns,1.00E+00,0,ns,1.00E+00,2_common,2,B
Non-motor microtubule binding protein ,0.01,0,ns,1.00E+00,0,ns,1.00E+00,3_neuro,3,C
Peroxidase ,35.67,10,>10,2.87E-02,7.5,<0.05,1.00E+00,2_common,2,B
Peroxidase ,3.55,6,3 to 4,1.19E-01,0,ns,6.07E-01,1_OL,1,A
Peroxidase ,0.01,0,ns,1.00E+00,0,ns,1.00E+00,3_neuro,3,C
Phosphatase inhibitor ,30.75,10,>10,3.32E-02,7.5,<0.05,1.00E+00,3_neuro,3,C
Phosphatase inhibitor ,3.55,6,3 to 4,1.19E-01,0,ns,6.21E-01,1_OL,1,A
Phosphatase inhibitor ,0.01,0,ns,1.00E+00,0,ns,1.00E+00,2_common,2,B
Phosphatase modulator ,18.31,10,>10,5.44E-02,6,ns,1.00E+00,3_neuro,3,C
Phosphatase modulator ,3.17,6,3 to 4,7.64E-02,6,ns,5.86E-01,1_OL,1,A
Phosphatase modulator ,0.01,0,ns,1.00E+00,0,ns,1.00E+00,2_common,2,B
Storage protein ,32.03,10,>10,3.20E-02,7.5,<0.05,1.00E+00,3_neuro,3,C
Storage protein ,0.01,0,ns,1.00E+00,0,ns,1.00E+00,1_OL,1,A
Storage protein ,0.01,0,ns,1.00E+00,0,ns,1.00E+00,2_common,2,B
Surfactant ,100,10,>10,1.00E-02,8,<0.01,1.00E+00,2_common,2,B
Surfactant ,0.01,0,ns,1.00E+00,0,ns,1.00E+00,1_OL,1,A
Surfactant ,0.01,0,ns,1.00E+00,0,ns,1.00E+00,3_neuro,3,C
Transaminase ,42.71,10,>10,2.44E-02,7.5,<0.05,1.00E+00,3_neuro,3,C
Transaminase ,0.01,0,ns,1.00E+00,0,ns,1.00E+00,1_OL,1,A
Transaminase ,0.01,0,ns,1.00E+00,0,ns,1.00E+00,2_common,2,B
Transferase ,1.9,4,1 to 2,2.22E-04,10,<0.0001,2.38E-02,1_OL,1,A
Transferase ,1.01,4,1 to 2,1.00E+00,0,ns,1.00E+00,2_common,2,B
Transferase,0.87,3,0.5 to 1,1.00E+00,0,ns,1.00E+00,3_neuro,3,C
