Pathways,Fold_Enrichment,Fold_Score,notes,pvalue,sig_score,notes,FDR,Lineage,Cluster,Cluster_2
5-Hydroxytryptamine degredation ,44.59,10,>10,2.33E-02,7.5,<0.05,1.00E+00,2_common,2,B
5-Hydroxytryptamine degredation ,2.22,4,2 to 3,3.74E-01,0,ns,1.00E+00,1_OL,1,A
5-Hydroxytryptamine degredation ,0.01,0,ns,1.00E+00,0,ns,1.00E+00,3_neuro,3,C
Alpha adrenergic receptor signaling   ,7.4,7.5,7.5,3.13E-03,10,<0.001,1.71E-01,1_OL,1,A
Alpha adrenergic receptor signaling   ,0.01,0,ns,1.00E+00,0,ns,1.00E+00,2_common,2,B
Alpha adrenergic receptor signaling   ,0.01,0,ns,1.00E+00,0,ns,1.00E+00,3_neuro,3,C
Beta3 adrenergic receptor signaling   ,27.46,10,>10,3.70E-02,7.5,<0.05,1.00E+00,3_neuro,3,C
Beta3 adrenergic receptor signaling   ,3.17,5,3 to 4,1.41E-01,0,ns,9.24E-01,1_OL,1,A
Beta3 adrenergic receptor signaling   ,0.01,0,ns,1.00E+00,0,ns,1.00E+00,2_common,2,B
CCKR signaling map ,9.77,9,9 to 10,3.60E-03,10,<0.001,5.91E-01,3_neuro,3,C
CCKR signaling map ,7.56,7.5,7.5,2.89E-02,7.5,<0.05,1.00E+00,2_common,2,B
CCKR signaling map ,0.75,2.5,0.5 to 1,8.23E-01,0,ns,1.00E+00,1_OL,1,A
Fructose galactose metabolism ,59.14,10,>10,1.80E-02,7.5,<0.05,1.00E+00,3_neuro,3,C
Fructose galactose metabolism ,0.01,0,ns,1.00E+00,0,ns,1.00E+00,1_OL,1,A
Fructose galactose metabolism ,0.01,0,ns,1.00E+00,0,ns,1.00E+00,2_common,2,B
Glycolysis ,30.75,10,>10,3.32E-02,7.5,<0.05,1.00E+00,3_neuro,3,C
Glycolysis ,1.78,3,1 to 2,4.40E-01,0,ns,1.00E+00,1_OL,1,A
Glycolysis ,0.01,0,ns,1.00E+00,0,ns,1.00E+00,2_common,2,B
Histamine H2 receptor mediated signaling   ,30.75,10,>10,3.32E-02,7.5,<0.05,1.00E+00,3_neuro,3,C
Histamine H2 receptor mediated signaling   ,0.01,0,ns,1.00E+00,0,ns,1.00E+00,1_OL,1,A
Histamine H2 receptor mediated signaling   ,0.01,0,ns,1.00E+00,0,ns,1.00E+00,2_common,2,B
Insulin/IGF-PKB signaling,18.98,10,>10,5.24E-02,5,ns,1.00E+00,2_common,2,B
Insulin/IGF-PKB signaling,0.94,2.5,0.5 to 1,1.00E+00,0,ns,1.00E+00,1_OL,1,A
Insulin/IGF-PKB signaling,0.01,0,ns,1.00E+00,0,ns,1.00E+00,3_neuro,3,C
Methylmalonyl   ,17.77,10,>10,9.44E-03,10,<0.001,2.58E-01,1_OL,1,A
Methylmalonyl   ,0.01,0,ns,1.00E+00,0,ns,1.00E+00,2_common,2,B
Methylmalonyl   ,0.01,0,ns,1.00E+00,0,ns,1.00E+00,3_neuro,3,C
PDGF signaling   ,3.11,5,3 to 4,2.13E-03,10,<0.001,3.50E-01,1_OL,1,A
PDGF signaling   ,0.01,0,ns,1.00E+00,0,ns,1.00E+00,2_common,2,B
PDGF signaling   ,0.01,0,ns,1.00E+00,0,ns,1.00E+00,3_neuro,3,C
PI3 kinase pathway,15.93,10,>10,6.20E-02,5,ns,1.00E+00,2_common,2,B
PI3 kinase pathway,0.79,2.5,0.5 to 1,1.00E+00,0,ns,1.00E+00,1_OL,1,A
PI3 kinase pathway,0.01,0,ns,1.00E+00,0,ns,1.00E+00,3_neuro,3,C
Pyruvate metabolism ,11.1,10,>10,3.96E-03,10,<0.001,1.63E-01,1_OL,1,A
Pyruvate metabolism ,0.01,0,ns,1.00E+00,0,ns,1.00E+00,2_common,2,B
Pyruvate metabolism ,0.01,0,ns,1.00E+00,0,ns,1.00E+00,3_neuro,3,C
Ubiquitin proteasome   ,3.81,5,3 to 4,6.59E-03,10,<0.001,2.16E-01,1_OL,1,A
Ubiquitin proteasome   ,0.01,0,ns,1.00E+00,0,ns,1.00E+00,2_common,2,B
Ubiquitin proteasome   ,0.01,0,ns,1.00E+00,0,ns,1.00E+00,3_neuro,3,C
Vasopressin synthesis ,35.67,10,>10,2.87E-02,7.5,<0.05,1.00E+00,2_common,2,B
Vasopressin synthesis ,0.01,0,ns,1.00E+00,0,ns,1.00E+00,1_OL,1,A
Vasopressin synthesis ,0.01,0,ns,1.00E+00,0,ns,1.00E+00,3_neuro,3,C
