Pathways,Fold_Enrichment,Fold_Score,notes,pvalue,sig_score,notes,FDR,Lineage,Cluster,Cluster_2
Adenine and hypoxanthine salvage   ,0.01,1,0,1.00E+00,1,ns,1.00E+00,1_OL,1,A
Adenine and hypoxanthine salvage   ,52.15,10,>10,2.32E-06,10,<E05,3.81E-04,2_common,2,B
Adenine and hypoxanthine salvage   ,0.01,1,0,1.00E+00,1,ns,1.00E+00,3_neuro,3,C
AD-presenilin   ,7.49,8,5 to 7.5,1.22E-10,10,<E05,2.00E-08,1_OL,1,A
AD-presenilin   ,4.31,7,4 to 5.5,6.71E-03,6,<0.01,3.67E-01,2_common,2,B
AD-presenilin   ,0.01,1,0,1.00E+00,1,ns,1.00E+00,3_neuro,3,C
Angiogenesis ,4.22,7,4 to 5.5,8.23E-04,9,<E04,3.37E-02,1_OL,1,A
Angiogenesis ,2.19,5,2 to 3,2.35E-01,3,ns,1.00E+00,2_common,2,B
Angiogenesis ,1.92,4,1 to 2,4.09E-01,3,ns,1.00E+00,3_neuro,3,C
Angiotensin,0.01,1,0,1.00E+00,1,ns,1.00E+00,1_OL,1,A
Angiotensin,10.29,10,>10,1.76E-02,5,<0.05,4.82E-01,2_common,2,B
Angiotensin,18.05,10,>10,6.04E-03,6,<0.01,3.30E-01,3_neuro,3,C
Cadherin signaling   ,4.29,7,4 to 5.5,1.58E-03,7,<0.002,5.17E-02,1_OL,1,A
Cadherin signaling   ,0.01,1,0,1.00E+00,1,ns,1.00E+00,2_common,2,B
Cadherin signaling   ,2.23,5,2 to 3,3.64E-01,3,ns,1.00E+00,3_neuro,3,C
Circadian clock system ,13.5,10,>10,1.95E-03,7,<0.002,5.33E-02,1_OL,1,A
Circadian clock system ,0.01,1,0,1.00E+00,1,ns,1.00E+00,2_common,2,B
Circadian clock system ,0.01,1,0,1.00E+00,1,ns,1.00E+00,3_neuro,3,C
Endothelin signaling   ,0.01,1,0,1.00E+00,1,ns,1.00E+00,1_OL,1,A
Endothelin signaling   ,6.52,8,5 to 7.5,1.19E-02,5,<0.05,3.92E-01,2_common,2,B
Endothelin signaling   ,3.81,6,3 to 4,2.33E-01,3,ns,1.00E+00,3_neuro,3,C
G-protein signaling,1.28,4,1 to 2,6.72E-01,1,ns,1.00E+00,1_OL,1,A
G-protein signaling,1.32,4,1 to 2,5.33E-01,1,ns,1.00E+00,2_common,2,B
G-protein signaling,9.27,9,7.5 to 10,1.01E-03,8,<0.001,1.65E-01,3_neuro,3,C
Histamine H1 receptor mediated signaling   ,0.01,1,0,1.00E+00,1,ns,1.00E+00,1_OL,1,A
Histamine H1 receptor mediated signaling   ,4.44,7,4 to 5.5,2.05E-01,3,ns,1.00E+00,2_common,2,B
Histamine H1 receptor mediated signaling   ,15.59,10,>10,7.93E-03,6,<0.01,3.25E-01,3_neuro,3,C
Ionotropic glutamate receptor   ,3.68,6,3 to 4,5.18E-02,4,ns,8.49E-01,1_OL,1,A
Ionotropic glutamate receptor   ,2.54,5,2 to 3,3.29E-01,3,ns,1.00E+00,2_common,2,B
Ionotropic glutamate receptor   ,13.36,10,>10,1.64E-03,7,<0.002,1.35E-01,3_neuro,3,C
Notch signaling   ,9.45,9,7.5 to 10,6.66E-05,10,<E05,5.46E-03,1_OL,1,A
Notch signaling   ,0.01,1,0,1.00E+00,1,ns,1.00E+00,2_common,2,B
Notch signaling   ,5.72,8,5 to 7.5,1.63E-01,3,ns,1.00E+00,3_neuro,3,C
Oxytocin receptor mediated signaling   ,0.01,1,0,1.00E+00,1,ns,1.00E+00,1_OL,1,A
Oxytocin receptor mediated signaling   ,0.01,1,0,1.00E+00,1,ns,1.00E+00,2_common,2,B
Oxytocin receptor mediated signaling   ,11.83,10,>10,1.32E-02,5,<0.05,3.61E-01,3_neuro,3,C
Vasopressin synthesis ,0.01,1,0,1.00E+00,1,ns,1.00E+00,1_OL,1,A
Vasopressin synthesis ,15.65,10,>10,8.29E-03,6,<0.01,3.40E-01,2_common,2,B
Vasopressin synthesis ,0.01,1,0,1.00E+00,1,ns,1.00E+00,3_neuro,3,C
Wnt signaling   ,2.72,5,2 to 3,7.10E-03,6,<0.01,1.66E-01,1_OL,1,A
Wnt signaling   ,0.62,3,<1,1.00E+00,1,ns,1.00E+00,2_common,2,B
Wnt signaling   ,2.19,5,2 to 3,2.33E-01,3,ns,1.00E+00,3_neuro,3,C
Xanthine and guanine salvage   ,0.01,1,0,1.00E+00,1,ns,1.00E+00,1_OL,1,A
Xanthine and guanine salvage   ,55.88,10,>10,9.02E-04,9,<E04,7.40E-02,2_common,2,B
Xanthine and guanine salvage   ,0.01,1,0,1.00E+00,1,ns,1.00E+00,3_neuro,3,C
