Protein_Class,Fold_Enrichment,Fold_Score,notes,pvalue,sig_score,notes,FDR,Lineage,Cluster,Cluster_2
Acyltransferase ,4.99,7,5,9.79E-03,9,<0.01,5.26E-01,3_neuro,3,C
Acyltransferase ,2.23,4,2 to 3,3.65E-01,2.5,ns,1.00E+00,3_neuro,3,C
Acyltransferase ,0.01,0,0,1.00E+00,0,ns,1.00E+00,3_neuro,3,C
Anion channel ,20.31,10,>10,5.23E-03,9,<0.01,1.88E-01,2_common,2,B
Anion channel ,0.01,0,0,1.00E+00,0,ns,1.00E+00,2_common,2,B
Anion channel ,0.01,0,0,1.00E+00,0,ns,1.00E+00,2_common,2,B
Basic helix-loop-helix TF,13.29,10,>10,1.67E-03,9,<0.01,3.60E-01,1_OL,1,A
Basic helix-loop-helix TF,4.94,6,4 to 5,6.45E-02,5,ns,9.25E-01,1_OL,1,A
Basic helix-loop-helix TF,2.76,4,2 to 3,1.68E-01,2.5,ns,9.75E-01,1_OL,1,A
Cation transporter ,9.97,9,9 to 10,4.78E-07,10,<E4,5.14E-05,2_common,2,B
Cation transporter ,1.99,4,2 to 3,3.98E-01,2.5,ns,1.00E+00,2_common,2,B
Cation transporter ,0.62,0,0,1.00E+00,0,ns,1.00E+00,2_common,2,B
Dehydrogenase ,3.34,5,3 to 4,1.07E-02,7.5,<0.05,3.82E-01,3_neuro,3,C
Dehydrogenase ,0.99,3,1 to 2,1.00E+00,0,ns,1.00E+00,3_neuro,3,C
Dehydrogenase ,0.01,0,0,1.00E+00,0,ns,1.00E+00,3_neuro,3,C
Extracellular matrix glycoprotein ,4.93,6,4 to 5,1.02E-02,7.5,<0.05,4.38E-01,3_neuro,3,C
Extracellular matrix glycoprotein ,4.4,6,4 to 5,7.83E-02,5,ns,1.00E+00,3_neuro,3,C
Extracellular matrix glycoprotein ,0.01,0,0,1.00E+00,0,ns,1.00E+00,3_neuro,3,C
Guanyl-nucleotide exchange factor ,8.86,8,8 to 9,2.25E-02,7.5,<0.05,9.66E-01,1_OL,1,A
Guanyl-nucleotide exchange factor ,4.15,6,4 to 5,3.88E-02,7.5,<0.05,7.59E-01,1_OL,1,A
Guanyl-nucleotide exchange factor ,2.47,4,2 to 3,3.36E-01,2.5,ns,1.00E+00,1_OL,1,A
Intermediate filament ,22.84,10,>10,4.25E-03,9,<0.01,1.83E-01,2_common,2,B
Intermediate filament ,6.39,7.5,6 to 8,1.53E-01,2.5,ns,9.94E-01,2_common,2,B
Intermediate filament ,0.01,0,0,1.00E+00,0,ns,1.00E+00,2_common,2,B
Intermediate filament binding protein ,22.84,10,>10,4.25E-03,9,<0.01,2.28E-01,2_common,2,B
Intermediate filament binding protein ,6.39,7.5,6 to 8,1.53E-01,2.5,ns,1.00E+00,2_common,2,B
Intermediate filament binding protein ,0.01,0,0,1.00E+00,0,ns,1.00E+00,2_common,2,B
Methyltransferase ,8.86,8,8 to 9,2.25E-02,7.5,<0.05,1.00E+00,1_OL,1,A
Methyltransferase ,1.38,3,1 to 2,5.19E-01,2.5,ns,1.00E+00,1_OL,1,A
Methyltransferase ,0.01,0,0,1.00E+00,0,ns,1.00E+00,1_OL,1,A
Phosphodiesterase ,18.6,10,>10,6.79E-03,9,<0.01,4.86E-01,3_neuro,3,C
Phosphodiesterase ,0.01,0,0,1.00E+00,0,ns,1.00E+00,3_neuro,3,C
Phosphodiesterase ,0.01,0,0,1.00E+00,0,ns,1.00E+00,3_neuro,3,C
TcoF ,6.23,7.5,6 to 8,1.30E-02,7.5,<0.05,9.35E-01,1_OL,1,A
TcoF ,1.29,3,1 to 2,6.70E-01,2.5,ns,1.00E+00,1_OL,1,A
TcoF  ,0.01,0,0,1.00E+00,0,ns,1.00E+00,1_OL,1,A
TF,2.76,4,2 to 3,5.16E-03,9,<0.01,5.55E-01,1_OL,1,A
TF,0.51,0,0,2.90E-01,2.5,ns,1.00E+00,1_OL,1,A
TF,1.05,3,1 to 2,8.73E-01,2.5,ns,1.00E+00,1_OL,1,A
Transmembrane receptor (regulatory/adaptor),8.82,8,8 to 9,3.62E-04,10,<E4,3.89E-02,3_neuro,3,C
Transmembrane receptor (regulatory/adaptor),3.15,5,3 to 4,2.76E-01,2.5,ns,1.00E+00,3_neuro,3,C
Transmembrane receptor (regulatory/adaptor),0.01,0,0,1.00E+00,0,ns,1.00E+00,3_neuro,3,C
Transporter ,4.53,6,4 to 5,4.99E-08,10,<E4,1.07E-05,2_common,2,B
Transporter ,1.33,3,1 to 2,3.47E-01,2.5,ns,1.00E+00,2_common,2,B
Transporter,0.43,0,0,7.32E-01,2.5,ns,1.00E+00,2_common,2,B
