Protein_Class,Fold_Enrichment,Fold_Score,notes,pvalue,sig_score,notes,FDR,Lineage,Cluster,Cluster_2
Cation transporter,8.3,9,7.5 to 10,2.87E-05,10,<E0.5,2.05E-03,2_common,2,B
Cation transporter,6.24,8,6 to 7.5,1.29E-02,7,<0.05,9.28E-01,3_neuro,3,C
Cation transporter,1.15,3,1 to 1.5,6.95E-01,1,ns,1.00E+00,1_OL,1,A
Complement component,0.01,1,0,1.00E+00,1,ns,1.00E+00,2_common,2,B
Complement component,0.01,1,0,1.00E+00,1,ns,1.00E+00,3_neuro,3,C
Complement component,18.89,10,>10,6.73E-03,8,<0.01,1.00E+00,1_OL,1,A
Extracellular matrix glycoprotein,11.78,10,>10,8.73E-05,10,<E0.5,3.75E-03,2_common,2,B
Extracellular matrix glycoprotein,4.13,7,4 to 6,2.17E-01,1,ns,1.00E+00,3_neuro,3,C
Extracellular matrix glycoprotein,1.14,3,1 to 1.5,5.88E-01,1,ns,1.00E+00,1_OL,1,A
Extracellular matrix protein,7.52,9,7.5 to 10,5.22E-05,10,<E0.5,2.81E-03,2_common,2,B
Extracellular matrix protein,1.88,4,1.5 to 2,4.14E-01,1,ns,1.00E+00,3_neuro,3,C
Extracellular matrix protein,0.52,2,0.5,1.00E+00,1,ns,1.00E+00,1_OL,1,A
Glycosidase,7.82,9,7.5 to 10,1.24E-01,5,ns,1.00E+00,2_common,2,B
Glycosidase,0.01,1,0,1.00E+00,1,ns,1.00E+00,3_neuro,3,C
Glycosidase,7.56,9,7.5 to 10,3.23E-02,7,<0.05,1.00E+00,1_OL,1,A
G-protein coupled receptor,3.08,6,3 to 4,1.43E-02,7,<0.05,3.42E-01,2_common,2,B
G-protein coupled receptor,0.01,1,0,6.31E-01,1,ns,1.00E+00,3_neuro,3,C
G-protein coupled receptor,2.48,5,2 to 3,8.48E-03,8,<0.01,9.12E-01,1_OL,1,A
Lipase,1.94,4,1.5 to 2,4.06E-01,1,ns,1.00E+00,2_common,2,B
Lipase,10.19,10,>10,3.46E-03,8,<0.01,3.72E-01,3_neuro,3,C
Lipase,0.01,1,0,6.30E-01,1,ns,1.00E+00,1_OL,1,A
Membrane traffic protein,0.01,1,0,6.44E-01,1,ns,1.00E+00,2_common,2,B
Membrane traffic protein,1.33,3,1 to 1.5,5.30E-01,1,ns,1.00E+00,3_neuro,3,C
Membrane traffic protein,2.57,5,2 to 3,2.16E-02,7,<0.05,9.30E-01,1_OL,1,A
Phospholipase,3.99,6,3 to 4,2.25E-01,1,ns,1.00E+00,2_common,2,B
Phospholipase,21,10,>10,4.68E-04,9,<E0.4,1.01E-01,3_neuro,3,C
Phospholipase,0.01,1,0,1.00E+00,1,ns,1.00E+00,1_OL,1,A
Phosphorylase,35.56,10,>10,1.93E-03,8,<0.01,6.91E-02,2_common,2,B
Phosphorylase,0.01,1,0,1.00E+00,1,ns,1.00E+00,3_neuro,3,C
Phosphorylase,0.01,1,0,1.00E+00,1,ns,1.00E+00,1_OL,1,A
Receptor,2.7,5,2 to 3,2.76E-03,8,<0.01,8.49E-02,2_common,2,B
Receptor,0.01,1,0,1.76E-01,5,ns,1.00E+00,3_neuro,3,C
Receptor,1.9,4,1.5 to 2,2.01E-02,7,<0.05,1.00E+00,1_OL,1,A
Transferase,1.54,4,1.5 to 2,2.26E-01,1,ns,1.00E+00,2_common,2,B
Transferase,2.71,5,2 to 3,1.48E-02,7,<0.05,6.38E-01,3_neuro,3,C
Transferase,1.17,3,1 to 1.5,6.13E-01,1,ns,1.00E+00,1_OL,1,A
Transmembrane receptor (regulatory/adaptor),3.37,6,3 to 4,2.60E-01,1,ns,1.00E+00,2_common,2,B
Transmembrane receptor (regulatory/adaptor),11.83,10,>10,1.32E-02,7,<0.05,7.10E-01,3_neuro,3,C
Transmembrane receptor (regulatory/adaptor),1.63,4,1.5 to 2,4.63E-01,1,ns,1.00E+00,1_OL,1,A
Transporter,3.82,6,3 to 4,1.02E-05,10,<E0.5,2.19E-03,2_common,2,B
Transporter,2.24,5,2 to 3,7.36E-02,5,ns,1.00E+00,3_neuro,3,C
Transporter,1.48,3,1 to 1.5,2.05E-01,5,ns,1.00E+00,1_OL,1,A
