Protein_Class,Fold_Enrichment,Fold_Score,notes,pvalue,sig_score,notes,FDR,Lineage,Cluster,Cluster_2
ATP synthase ,13.45,10,>10,3.21E-04,8,<E04,1.38E-02,3_neuro,3,C
ATP synthase ,2.77,2.5,2.5to3,1.72E-01,2.5,ns,6.36E-01,2_common,2,B
ATP synthase ,1.58,1,1 to 2,4.77E-01,2.5,ns,1.00E+00,1_OL,1,A
Chaperone ,7.77,7.5,7 to 8,5.34E-09,10,<E07,1.44E-07,2_common,2,B
Chaperone ,6.28,7,6 to 7,1.50E-03,7.5,<0.01,4.62E-02,3_neuro,3,C
Chaperone ,3.53,3,3 to 4,8.89E-03,7.5,<0.01,1.37E-01,1_OL,1,A
Chaperonin ,19.64,10,>10,1.91E-05,9,<E05,3.42E-04,2_common,2,B
Chaperonin ,13.4,10,>10,2.36E-03,7.5,<0.01,4.61E-02,1_OL,1,A
Chaperonin ,19.06,10,>10,6.35E-03,7.5,<0.01,1.71E-01,3_neuro,3,C
Chromatin/chromatin-binding protein ,4.74,4,4 to 5,9.09E-05,9,<E05,3.91E-03,1_OL,1,A
Chromatin/chromatin-binding protein ,2.92,2.5,2.5to3,1.27E-02,7,<0.02,9.14E-02,2_common,2,B
Chromatin/chromatin-binding protein ,0.01,0,0,1.00E+00,2.5,ns,1.00E+00,3_neuro,3,C
DNA binding protein ,2.97,2.5,2.5to3,5.11E-07,10,<E07,1.22E-05,2_common,2,B
DNA binding protein ,1.98,1,1 to 2,8.78E-03,7.5,<0.01,1.45E-01,1_OL,1,A
DNA binding protein ,1.49,1,1 to 2,3.05E-01,2.5,ns,1.00E+00,3_neuro,3,C
DNA-directed RNA polymerase ,8.46,9,8 to 9,1.43E-04,8,<E04,5.11E-03,1_OL,1,A
DNA-directed RNA polymerase ,3.01,3,3 to 4,2.88E-01,2.5,ns,1.00E+00,3_neuro,3,C
DNA-directed RNA polymerase ,0.01,0,0,1.00E+00,2.5,ns,1.00E+00,2_common,2,B
mRNA processing factor ,8.26,9,8 to 9,1.01E-15,10,<E07,3.64E-14,2_common,2,B
mRNA processing factor ,7.42,7.5,7 to 8,1.76E-06,9,<E05,1.26E-04,3_neuro,3,C
mRNA processing factor ,1.74,1,1 to 2,2.20E-01,2.5,ns,9.29E-01,1_OL,1,A
mRNA splicing factor ,10.85,10,>10,1.12E-17,10,<E07,4.80E-16,2_common,2,B
mRNA splicing factor ,8.09,9,8 to 9,1.08E-05,9,<E05,5.80E-04,3_neuro,3,C
mRNA splicing factor ,1.9,1,1 to 2,1.68E-01,2.5,ns,9.24E-01,1_OL,1,A
Nucleic acid binding ,4.5,4,4 to 5,2.26E-54,10,<E07,2.43E-52,2_common,2,B
Nucleic acid binding ,2.23,2,2 to 2.5,2.31E-09,10,<E07,4.96E-07,1_OL,1,A
Nucleic acid binding ,2.71,2.5,2.5to3,3.55E-08,10,<E07,3.82E-06,3_neuro,3,C
Ribonucleoprotein ,13.15,10,>10,1.10E-09,10,<E07,3.37E-08,2_common,2,B
Ribonucleoprotein ,3.74,3,3 to 4,5.19E-02,2.5,ns,5.87E-01,1_OL,1,A
Ribonucleoprotein ,5.32,5,5 to 6,5.81E-02,2.5,ns,5.43E-01,3_neuro,3,C
Ribosomal protein ,17.24,10,>10,1.35E-52,10,<E07,9.66E-51,2_common,2,B
Ribosomal protein ,2.45,2,2 to 2.5,1.99E-02,7,<0.02,2.51E-01,1_OL,1,A
Ribosomal protein ,1.96,1,1 to 2,2.01E-01,2.5,ns,1.00E+00,3_neuro,3,C
RNA binding protein ,8.49,9,8 to 9,4.54E-66,10,<E07,9.76E-64,2_common,2,B
RNA binding protein ,4.88,4,4 to 5,2.29E-11,10,<E07,4.92E-09,3_neuro,3,C
RNA binding protein ,2.96,2.5,2.5to3,2.91E-08,10,<E07,3.13E-06,1_OL,1,A
Translation factor ,6.16,7,6 to 7,1.16E-05,9,<E05,8.32E-04,1_OL,1,A
Translation factor ,4.33,4,4 to 5,8.20E-04,8,<E04,8.39E-03,2_common,2,B
Translation factor ,5.26,5,5 to 6,8.15E-03,7.5,<0.01,1.95E-01,3_neuro,3,C
Translation initiation factor ,6.89,7,6 to 7,1.41E-05,9,<E05,7.59E-04,1_OL,1,A
Translation initiation factor ,4.71,4,4 to 5,1.10E-03,7.5,<0.01,1.07E-02,2_common,2,B
Translation initiation factor ,4.9,4,4 to 5,2.56E-02,5,<0.05,3.44E-01,3_neuro,3,C
