Pathways,Fold_Enrichment,Fold_Score,notes,pvalue,sig_score,notes,FDR,Lineage,Cluster,Cluster_2
Angiogenesis ,2.69,3,2.5 to 3,8.03E-03,6,<0.01,2.19E-01,1_OL,1,A
Angiogenesis ,2.56,3,2.5 to 3,7.54E-02,4,ns,5.37E-01,3_neuro,3,C
Angiogenesis ,0.79,0,0,1.00E+00,0,ns,1.00E+00,2_common,2,B
CCKR signaling map ,2.5,2.5,2.5,6.09E-03,6,<0.01,2.50E-01,1_OL,1,A
CCKR signaling map ,2.42,2,2 to 2.5,5.93E-02,4,ns,4.63E-01,3_neuro,3,C
CCKR signaling map ,1.8,1.5,1 to 2,1.06E-01,1,ns,5.13E-01,2_common,2,B
Cell cycle ,15.59,10,>10,1.28E-03,8,<0.002,5.26E-02,3_neuro,3,C
Cell cycle ,4.29,5,4 to 5,8.81E-02,4,ns,4.81E-01,2_common,2,B
Cell cycle ,2.44,2,2 to 2.5,3.46E-01,0,ns,1.00E+00,1_OL,1,A
Cytoskeletal regulation by Rho GTPase ,5.89,6,5 to 6,1.76E-05,10,<E05,7.23E-04,2_common,2,B
Cytoskeletal regulation by Rho GTPase ,1.43,1.5,1 to 2,5.07E-01,0,ns,1.00E+00,3_neuro,3,C
Cytoskeletal regulation by Rho GTPase ,0.67,0,0,1.00E+00,0,ns,1.00E+00,1_OL,1,A
De novo purine biosynthesis ,10.58,10,>10,3.79E-08,10,<E05,3.11E-06,2_common,2,B
De novo purine biosynthesis ,1.09,1.5,1 to 2,6.04E-01,0,ns,1.00E+00,1_OL,1,A
De novo purine biosynthesis ,0.01,0,0,1.00E+00,0,ns,1.00E+00,3_neuro,3,C
De novo pyrimidine DNA biosynthesis ,16.73,10,>10,6.63E-10,10,<E05,1.09E-07,2_common,2,B
De novo pyrimidine DNA biosynthesis ,7.38,7.5,7 to 8,3.31E-02,5,<0.05,3.62E-01,3_neuro,3,C
De novo pyrimidine DNA biosynthesis ,0.01,0,0,1.00E+00,0,ns,1.00E+00,1_OL,1,A
DNA replication ,14.14,10,>10,8.14E-08,10,<E05,4.45E-06,2_common,2,B
DNA replication ,11.43,10,>10,2.89E-03,7.5,<0.005,6.77E-02,3_neuro,3,C
DNA replication ,0.01,0,0,1.00E+00,0,ns,1.00E+00,1_OL,1,A
Formyltetrahydroformate biosynthesis ,28.58,10,>10,3.21E-03,7.5,<0.01,6.59E-02,3_neuro,3,C
Formyltetrahydroformate biosynthesis ,5.89,6,5 to 6,1.72E-01,1,ns,6.42E-01,2_common,2,B
Formyltetrahydroformate biosynthesis ,0.01,0,0,1.00E+00,0,ns,1.00E+00,1_OL,1,A
General transcription by RNA polymerase I ,7.31,7.5,7 to 8,1.04E-02,5,<0.05,2.13E-01,1_OL,1,A
General transcription by RNA polymerase I ,5.2,6,5 to 6,1.82E-01,1,ns,8.76E-01,3_neuro,3,C
General transcription by RNA polymerase I ,0.01,0,0,1.00E+00,0,ns,1.00E+00,2_common,2,B
General transcription regulation ,5.23,6,5 to 6,9.14E-03,6,<0.01,2.14E-01,1_OL,1,A
General transcription regulation ,0.01,0,0,1.00E+00,0,ns,1.00E+00,2_common,2,B
General transcription regulation ,0.01,0,0,1.00E+00,0,ns,1.00E+00,3_neuro,3,C
Notch signaling   ,8.04,8,8 to 9,4.57E-06,10,<E05,7.49E-04,1_OL,1,A
Notch signaling   ,0.01,0,0,6.38E-01,0,ns,1.00E+00,2_common,2,B
Notch signaling   ,0.01,0,0,1.00E+00,0,ns,1.00E+00,3_neuro,3,C
Salvage pyrimidine DNA,57.17,10,>10,1.10E-03,8,<0.002,5.99E-02,3_neuro,3,C
Salvage pyrimidine DNA,0.01,0,0,1.00E+00,0,ns,1.00E+00,1_OL,1,A
Salvage pyrimidine DNA,0.01,0,0,1.00E+00,0,ns,1.00E+00,2_common,2,B
Tetrahydrofolate biosynthesis ,38.11,10,>10,2.02E-03,7.5,<0.005,5.53E-02,3_neuro,3,C
Tetrahydrofolate biosynthesis ,15.71,10,>10,1.11E-02,5,<0.05,1.07E-01,2_common,2,B
Tetrahydrofolate biosynthesis ,0.01,0,0,1.00E+00,0,ns,1.00E+00,1_OL,1,A
Transcription regulation by bZIP TFs,4.54,5,4 to 5,6.33E-03,6,<0.01,2.08E-01,1_OL,1,A
Transcription regulation by bZIP TFs,0.01,0,0,6.37E-01,0,ns,1.00E+00,2_common,2,B
Transcription regulation by bZIP TFs,0.01,0,0,1.00E+00,0,ns,1.00E+00,3_neuro,3,C
Ubiquitin proteasome   ,9.8,9,9to10,5.19E-05,10,<E05,8.52E-03,3_neuro,3,C
Ubiquitin proteasome   ,5.39,6,5 to 6,2.15E-04,9,<E04,5.03E-03,2_common,2,B
Ubiquitin proteasome   ,5.36,6,5 to 6,5.25E-04,9,<E04,4.31E-02,1_OL,1,A
