,V1,V2,V3,,v1+v2 make the scatter plot correctly
qNSCI_9,-0.169857024,0.012275076,-0.032079089,,v3 is for the 3D coordinates
qNSCI_8,-0.239178574,0.057410222,0.037948029,,
qNSCI_7,-0.344351405,0.141314314,0.237244527,,The correct script for R
qNSCI_6,-0.154179133,0.008373312,-0.042175823,,"write.csv(dr[[""cmd""]][[""D3""]], ""cmd_v3.csv"")"
qNSCI_5,-0.147154258,0.005248641,-0.082876012,,
qNSCI_4,-0.17529366,0.01992512,-0.022658866,,
qNSCI_35,-0.25124716,0.068618789,0.084713682,,
qNSCI_34,-0.172538182,0.013315576,-0.027904524,,
qNSCI_33,-0.244924022,0.062655544,0.060105811,,
qNSCI_32,-0.28305698,0.096751593,0.111184739,,
qNSCI_31,-0.426869613,0.223115119,0.35445122,,
qNSCI_30,-0.214762865,0.053251363,0.020779383,,
qNSCI_3,-0.193608033,0.038467714,0.002711811,,
qNSCI_29,-0.366466484,0.155510121,0.26348933,,
qNSCI_28,-0.243435349,0.059746652,0.048832671,,
qNSCI_27,-0.226668694,0.05045664,0.031585986,,
qNSCI_26,-0.186261428,0.027850539,-0.014668545,,
qNSCI_25,-0.14334266,0.002507703,-0.070468506,,
qNSCI_24,-0.219488236,0.060723331,0.032944899,,
qNSCI_23,-0.308287942,0.10416869,0.148047807,,
qNSCI_22,-0.217997729,0.045699841,0.025282363,,
qNSCI_21,-0.293049159,0.102339893,0.104800231,,
qNSCI_20,-0.221829539,0.042390152,0.021766781,,
qNSCI_2,-0.338146591,0.135216888,0.190694862,,
qNSCI_19,-0.206850196,0.043932324,0.007222626,,
qNSCI_18,-0.230938224,0.053905481,0.022819553,,
qNSCI_17,-0.237780311,0.051947254,0.019424443,,
qNSCI_16,-0.266918777,0.074826326,0.069586607,,
qNSCI_15,-0.261797749,0.076936154,0.085188197,,
qNSCI_14,-0.294142393,0.097057407,0.14105548,,
qNSCI_13,-0.146517325,0.005567405,-0.064188766,,
qNSCI_12,-0.155180625,0.005027047,-0.046208123,,
qNSCI_11,-0.152541996,0.007812929,-0.074993812,,
qNSCI_10,-0.270412649,0.084747618,0.070144945,,
qNSCI_1,-0.346642556,0.143719035,0.228708499,,
qNSCII_99,-0.179317069,0.032373794,-0.016477497,,
qNSCII_98,-0.170741197,0.018777403,-0.033089865,,
qNSCII_97,-0.120789831,-0.011173057,-0.079128349,,
qNSCII_96,-0.245812722,0.067304849,0.05618851,,
qNSCII_95,-0.189509624,0.041941142,-0.012950459,,
qNSCII_94,-0.122685966,-0.008210115,-0.077657645,,
qNSCII_93,-0.182892563,0.02384917,-0.009968316,,
qNSCII_92,-0.258180667,0.080312112,0.05692539,,
qNSCII_91,-0.100814012,-0.022193836,-0.108393144,,
qNSCII_90,-0.151254748,0.010357743,-0.035818233,,
qNSCII_9,-0.186917706,0.027834542,-0.013658379,,
qNSCII_89,-0.148742054,0.011902722,-0.051327114,,
qNSCII_88,-0.153746914,0.024613512,-0.040464306,,
qNSCII_87,-0.226084614,0.05773622,0.035602906,,
qNSCII_86,-0.181989367,0.027170943,-0.013357254,,
qNSCII_85,-0.095074407,-0.029365116,-0.110928546,,
qNSCII_84,-0.158161681,0.01471127,-0.039628978,,
qNSCII_83,-0.16195088,0.027570959,-0.036831768,,
qNSCII_82,-0.142642422,0.000451087,-0.041515785,,
qNSCII_81,-0.122214759,-0.003446668,-0.084008331,,
qNSCII_80,-0.127414171,-0.004661683,-0.073027339,,
qNSCII_8,-0.136580782,0.002515905,-0.05539875,,
qNSCII_79,-0.154501267,0.011996725,-0.039702839,,
qNSCII_78,-0.124469882,-0.001354546,-0.078592944,,
qNSCII_77,-0.213995592,0.053054236,0.019462742,,
qNSCII_76,-0.102152743,-0.023087053,-0.114848267,,
qNSCII_75,-0.120649959,-0.004488678,-0.085002264,,
qNSCII_74,-0.119448988,-0.01098795,-0.078207349,,
qNSCII_73,-0.211446054,0.05529529,0.029452094,,
qNSCII_72,-0.146313933,0.007653486,-0.042862309,,
qNSCII_71,-0.272526184,0.104210606,0.092457978,,
qNSCII_70,-0.13472775,-0.000100759,-0.058713824,,
qNSCII_7,-0.352725168,0.194268059,0.188041786,,
qNSCII_69,-0.122626339,0.000794955,-0.068234746,,
qNSCII_68,-0.344534051,0.148682363,0.167261878,,
qNSCII_67,-0.260755214,0.080501626,0.072229401,,
qNSCII_66,-0.144960576,0.003093366,-0.048193404,,
qNSCII_65,-0.104268455,-0.009957443,-0.142522358,,
qNSCII_64,-0.152114047,0.007842125,-0.056282321,,
qNSCII_63,-0.138545817,0.017030797,-0.053932366,,
qNSCII_62,-0.148933063,0.017418326,-0.046624413,,
qNSCII_61,-0.096486959,-0.02598297,-0.108794121,,
qNSCII_60,-0.138053702,0.002892106,-0.054824543,,
qNSCII_6,-0.10680704,-0.01782794,-0.101503243,,
qNSCII_59,-0.172375121,0.021650391,-0.023584975,,
qNSCII_58,-0.162490989,0.027449646,-0.02996161,,
qNSCII_57,-0.159226234,0.021937908,-0.030256027,,
qNSCII_56,-0.135499569,9.24E-05,-0.061851533,,
qNSCII_55,-0.132326311,0.000148358,-0.069704692,,
qNSCII_54,-0.166454075,0.020941501,-0.035740042,,
qNSCII_53,-0.160018982,0.014508104,-0.038949137,,
qNSCII_52,-0.117952806,-0.014621949,-0.077809185,,
qNSCII_51,-0.098586334,-0.027256877,-0.115177237,,
qNSCII_50,-0.324452204,0.13003371,0.128236597,,
qNSCII_5,-0.326097744,0.129792178,0.165952467,,
qNSCII_49,-0.096322022,-0.021547077,-0.114909679,,
qNSCII_48,-0.188109773,0.033534276,-0.012514585,,
qNSCII_47,-0.27940343,0.100345142,0.087099313,,
qNSCII_46,-0.34996288,0.143610783,0.170320353,,
qNSCII_45,-0.151424012,0.022663155,-0.047430979,,
qNSCII_44,-0.163801908,0.027570077,-0.034974142,,
qNSCII_43,-0.104104535,-0.024962472,-0.108360656,,
qNSCII_42,-0.241936826,0.091515519,0.034852587,,
qNSCII_415,-0.145708526,-0.011862423,-0.044340596,,
qNSCII_414,-0.234889878,0.041213364,0.043083733,,
qNSCII_413,-0.244121197,0.060239153,0.029695795,,
qNSCII_412,-0.147733748,-0.002274874,-0.068800282,,
qNSCII_411,-0.233362387,0.028462117,0.027494961,,
qNSCII_410,-0.318263615,0.082740886,0.177683818,,
qNSCII_41,-0.235047461,0.068577125,0.031998491,,
qNSCII_409,-0.231067099,0.050013269,0.058586552,,
qNSCII_408,-0.293389322,0.083730732,0.119091993,,
qNSCII_407,-0.168260055,-0.005542583,-0.034228892,,
qNSCII_406,-0.202573852,-0.003093151,-0.022828161,,
qNSCII_405,-0.163966836,0.000598381,-0.045117423,,
qNSCII_404,-0.226476475,0.030392915,0.051339624,,
qNSCII_403,-0.194018429,0.041077083,0.002498734,,
qNSCII_402,-0.234617462,0.078221341,0.061596819,,
qNSCII_401,-0.153639848,0.008835008,-0.041792019,,
qNSCII_400,-0.267962368,0.089723016,0.07601684,,
qNSCII_40,-0.262831988,0.08644898,0.071542276,,
qNSCII_4,-0.102887769,-0.024304366,-0.10203225,,
qNSCII_399,-0.382067972,0.217879331,0.295703895,,
qNSCII_398,-0.265143333,0.086770771,0.090588428,,
qNSCII_397,-0.352438491,0.158508971,0.275262764,,
qNSCII_396,-0.32975112,0.128279679,0.228274139,,
qNSCII_395,-0.245659994,0.085924772,0.068855449,,
qNSCII_394,-0.204146621,0.04375419,0.004402915,,
qNSCII_393,-0.093902185,-0.032486157,-0.135427392,,
qNSCII_392,-0.187277289,0.02847836,-0.015537669,,
qNSCII_391,-0.123507125,-0.013297874,-0.086380714,,
qNSCII_390,-0.213301855,0.071857056,0.004178294,,
qNSCII_39,-0.234354984,0.070337281,0.03890458,,
qNSCII_389,-0.216576479,0.044254698,0.018454584,,
qNSCII_388,-0.381881567,0.183063381,0.275991917,,
qNSCII_387,-0.137968215,-0.000350151,-0.057135988,,
qNSCII_386,-0.199765873,0.04038341,-0.001839266,,
qNSCII_385,-0.312838129,0.119455246,0.146909499,,
qNSCII_384,-0.226625118,0.063262319,0.030273208,,
qNSCII_383,-0.11258331,-0.017083977,-0.109774728,,
qNSCII_382,-0.263766933,0.097486192,0.083064792,,
qNSCII_381,-0.145479434,0.009426123,-0.058679087,,
qNSCII_380,-0.162324026,0.018900323,-0.043479514,,
qNSCII_38,-0.298901365,0.129720506,0.158562797,,
qNSCII_379,-0.276754261,0.092390469,0.108911576,,
qNSCII_378,-0.423704043,0.213720871,0.410728911,,
qNSCII_377,-0.286797488,0.09405937,0.093523516,,
qNSCII_376,-0.185172532,0.057148274,-0.021754705,,
qNSCII_375,-0.12629567,0.000809966,-0.062839156,,
qNSCII_374,-0.192621576,0.043446449,-0.008308368,,
qNSCII_373,-0.414396802,0.218530459,0.285004369,,
qNSCII_372,-0.217355015,0.048591565,0.037091338,,
qNSCII_371,-0.132323527,0.002229893,-0.068164963,,
qNSCII_370,-0.259159174,0.087721162,0.067361548,,
qNSCII_37,-0.088688051,-0.030681042,-0.123260578,,
qNSCII_369,-0.193785743,0.045494376,-0.002853909,,
qNSCII_368,-0.171652926,0.0239731,-0.044681169,,
qNSCII_367,-0.158235058,0.02435827,-0.017244513,,
qNSCII_366,-0.118936973,-0.004987084,-0.086975845,,
qNSCII_365,-0.14691283,0.023484343,-0.037272252,,
qNSCII_364,-0.205797273,0.050821443,0.022179717,,
qNSCII_363,-0.146238626,0.005514143,-0.048837542,,
qNSCII_362,-0.258971474,0.080632494,0.084108968,,
qNSCII_361,-0.199037939,0.038403416,0.008378407,,
qNSCII_360,-0.165780329,0.038675267,-0.003802189,,
qNSCII_36,-0.14225568,0.008222214,-0.059029436,,
qNSCII_359,-0.143595762,0.008138977,-0.050074763,,
qNSCII_358,-0.152085671,0.013386746,-0.047482138,,
qNSCII_357,-0.291069737,0.115468489,0.123392907,,
qNSCII_356,-0.164521713,0.023716163,-0.04349692,,
qNSCII_355,-0.125953034,-0.004907467,-0.070467168,,
qNSCII_354,-0.097110801,-0.003132585,-0.068435946,,
qNSCII_353,-0.120788168,-0.000239523,-0.07566004,,
qNSCII_352,-0.205722054,0.04467366,0.005358259,,
qNSCII_351,-0.191915325,0.047622698,0.006277506,,
qNSCII_350,-0.212251317,0.043313888,0.016722819,,
qNSCII_35,-0.250342717,0.084047444,0.03969343,,
qNSCII_349,-0.160825605,0.026217501,-0.039920675,,
qNSCII_348,-0.128961903,0.005470001,-0.065973305,,
qNSCII_347,-0.146353963,0.008037406,-0.056283244,,
qNSCII_346,-0.22064929,0.050444585,0.022744836,,
qNSCII_345,-0.167834081,0.025673978,-0.044343276,,
qNSCII_344,-0.229438344,0.053501603,0.034009159,,
qNSCII_343,-0.149300426,0.015142862,-0.044274554,,
qNSCII_342,-0.132196979,0.003466127,-0.058329348,,
qNSCII_341,-0.151779932,0.01082663,-0.059751054,,
qNSCII_340,-0.233419739,0.058195249,0.013449118,,
qNSCII_34,-0.138974404,0.018449905,-0.03723798,,
qNSCII_339,-0.157664138,0.013263318,-0.031238579,,
qNSCII_338,-0.423564474,0.226028974,0.296054268,,
qNSCII_337,-0.121758759,-0.00504473,-0.093410778,,
qNSCII_336,-0.136957692,0.007999132,-0.048662157,,
qNSCII_335,-0.142062639,0.010547095,-0.048506616,,
qNSCII_334,-0.15643709,0.01096004,-0.052670097,,
qNSCII_333,-0.183306681,0.032812756,-0.034814687,,
qNSCII_332,-0.187199398,0.035862463,-0.017031476,,
qNSCII_331,-0.188232288,0.033421792,-0.047637684,,
qNSCII_330,-0.156539557,0.018267936,-0.05671036,,
qNSCII_33,-0.106286685,-0.015851051,-0.100809478,,
qNSCII_329,-0.180502533,0.033234822,-0.015537049,,
qNSCII_328,-0.138804028,0.009447516,-0.055884802,,
qNSCII_327,-0.212471926,0.052379582,-0.006627581,,
qNSCII_326,-0.163637955,0.033015305,-0.03160178,,
qNSCII_325,-0.510071196,0.296119518,0.489406091,,
qNSCII_324,-0.12894349,0.004897514,-0.066577026,,
qNSCII_323,-0.128434218,-0.000339906,-0.07733799,,
qNSCII_322,-0.130420127,-0.000518593,-0.069004193,,
qNSCII_321,-0.149430439,0.009692476,-0.049775294,,
qNSCII_320,-0.208797125,0.046614486,0.01230023,,
qNSCII_32,-0.109580145,-0.00775643,-0.116937485,,
qNSCII_319,-0.235384071,0.070063461,0.035018453,,
qNSCII_318,-0.202717257,0.045394127,-0.004457496,,
qNSCII_317,-0.20000912,0.042163581,0.004342455,,
qNSCII_316,-0.180922399,0.037364543,-0.031906895,,
qNSCII_315,-0.14154923,-0.001791755,-0.060416288,,
qNSCII_314,-0.163780433,0.017596657,-0.047533812,,
qNSCII_313,-0.199170737,0.038578981,-0.003419674,,
qNSCII_312,-0.173339994,0.032688634,-0.031464085,,
qNSCII_311,-0.257599215,0.073818036,0.069696325,,
qNSCII_310,-0.170779168,0.021449395,-0.018075748,,
qNSCII_31,-0.101768531,-0.025769663,-0.106714274,,
qNSCII_309,-0.177352251,0.025872013,-0.03053696,,
qNSCII_308,-0.191619983,0.034248786,-0.004229589,,
qNSCII_307,-0.175925441,0.023223075,-0.037016426,,
qNSCII_306,-0.262003608,0.075898219,0.082407512,,
qNSCII_305,-0.179357357,0.035984468,-0.010480117,,
qNSCII_304,-0.142621525,0.006673174,-0.058541397,,
qNSCII_303,-0.191027934,0.030254195,-0.004752149,,
qNSCII_302,-0.154230053,0.015229391,-0.038898621,,
qNSCII_301,-0.191351181,0.036973334,-0.009149561,,
qNSCII_300,-0.240176519,0.060066805,0.053875328,,
qNSCII_30,-0.227692884,0.049347599,0.022856081,,
qNSCII_3,-0.114122731,-0.016943487,-0.077611755,,
qNSCII_299,-0.292856326,0.106240817,0.130714835,,
qNSCII_298,-0.122834074,-0.012843004,-0.082744875,,
qNSCII_297,-0.151253896,0.020166813,-0.060472969,,
qNSCII_296,-0.161354102,0.023111494,-0.028336742,,
qNSCII_295,-0.194428435,0.032805034,0.000589957,,
qNSCII_294,-0.216155869,0.057940489,0.012742205,,
qNSCII_293,-0.142738744,0.006905151,-0.058587698,,
qNSCII_292,-0.118893436,-0.008527541,-0.087141807,,
qNSCII_291,-0.195475399,0.037009031,0.003132279,,
qNSCII_290,-0.141338049,0.011805973,-0.064549629,,
qNSCII_29,-0.228844347,0.060661392,0.014007434,,
qNSCII_289,-0.133821904,-0.001774607,-0.057147604,,
qNSCII_288,-0.150296947,0.006896524,-0.042731542,,
qNSCII_287,-0.229368935,0.057205809,0.027514563,,
qNSCII_286,-0.182215696,0.027649802,-0.006957974,,
qNSCII_285,-0.153673217,0.01460815,-0.04214613,,
qNSCII_284,-0.188266116,0.051864722,0.016556392,,
qNSCII_283,-0.22260109,0.048066544,0.014436427,,
qNSCII_282,-0.204479841,0.038948472,0.005545779,,
qNSCII_281,-0.131717748,-0.004555127,-0.063068161,,
qNSCII_280,-0.191644547,0.032587305,-0.016686926,,
qNSCII_28,-0.267715024,0.096573112,0.084702428,,
qNSCII_279,-0.196940593,0.053180126,0.000365707,,
qNSCII_278,-0.224404729,0.057424285,0.025701729,,
qNSCII_277,-0.195123482,0.053495258,0.007811037,,
qNSCII_276,-0.137849597,0.005579762,-0.053069566,,
qNSCII_275,-0.140153601,0.003052736,-0.057107655,,
qNSCII_274,-0.253151744,0.068783363,0.058860064,,
qNSCII_273,-0.197838685,0.040983588,0.007564564,,
qNSCII_272,-0.164715491,0.019429781,-0.059080468,,
qNSCII_271,-0.170875795,0.021742232,-0.031280526,,
qNSCII_270,-0.170779413,0.023445925,-0.03472781,,
qNSCII_27,-0.173531915,0.027760415,-0.028447,,
qNSCII_269,-0.151275995,0.016784961,-0.05875005,,
qNSCII_268,-0.174138056,0.028093068,-0.016773614,,
qNSCII_267,-0.167657852,0.025917217,-0.02316322,,
qNSCII_266,-0.1943251,0.038111297,0.010581554,,
qNSCII_265,-0.241772388,0.065717784,0.042734228,,
qNSCII_264,-0.22345688,0.059040666,-0.005773131,,
qNSCII_263,-0.340621526,0.140775728,0.174468828,,
qNSCII_262,-0.110201212,-0.021058633,-0.088553656,,
qNSCII_261,-0.199063164,0.046557203,-0.007272275,,
qNSCII_260,-0.158902211,0.013996663,-0.022837824,,
qNSCII_26,-0.119563286,-0.010361053,-0.078141411,,
qNSCII_259,-0.271146258,0.087955121,0.09768644,,
qNSCII_258,-0.219385922,0.049153975,0.020286295,,
qNSCII_257,-0.192163095,0.031574082,-0.01970145,,
qNSCII_256,-0.171500165,0.027999091,-0.027747064,,
qNSCII_255,-0.173993979,0.029262423,-0.014656694,,
qNSCII_254,-0.216464768,0.062761855,0.029950545,,
qNSCII_253,-0.111337015,-0.017112058,-0.105871962,,
qNSCII_252,-0.149847897,0.007463809,-0.044015387,,
qNSCII_251,-0.15597093,0.032521661,-0.08107452,,
qNSCII_250,-0.159264789,0.012122117,-0.04469231,,
qNSCII_25,-0.215347322,0.05351915,0.030960002,,
qNSCII_249,-0.159708548,0.016121849,-0.035420858,,
qNSCII_248,-0.205206862,0.047764835,-0.001107149,,
qNSCII_247,-0.14747986,0.007474586,-0.064936241,,
qNSCII_246,-0.147853954,0.015157558,-0.047886001,,
qNSCII_245,-0.15867967,0.015093215,-0.039155599,,
qNSCII_244,-0.137201246,0.008699362,-0.058500693,,
qNSCII_243,-0.156199769,0.018160845,-0.046152883,,
qNSCII_242,-0.147350688,0.009375956,-0.038400615,,
qNSCII_241,-0.222249111,0.065164773,-0.023399217,,
qNSCII_240,-0.200355234,0.043650088,0.008305538,,
qNSCII_24,-0.261781708,0.078170428,0.055519516,,
qNSCII_239,-0.142274952,0.010867209,-0.055541487,,
qNSCII_238,-0.112292155,-0.016721211,-0.101856576,,
qNSCII_237,-0.143808984,0.029585343,-0.137369907,,
qNSCII_236,-0.168047366,0.030041266,-0.022419798,,
qNSCII_235,-0.171498999,0.031071869,-0.0246011,,
qNSCII_234,-0.246703999,0.06316395,0.055112784,,
qNSCII_233,-0.223254711,0.050124549,0.025481848,,
qNSCII_232,-0.17532249,0.021200135,-0.025012394,,
qNSCII_231,-0.215318602,0.066346772,-0.024302038,,
qNSCII_230,-0.115454682,-0.011427833,-0.119003522,,
qNSCII_23,-0.161064551,0.029735098,-0.035972731,,
qNSCII_229,-0.264676826,0.083991497,0.047220876,,
qNSCII_228,-0.256524556,0.083894035,0.052823503,,
qNSCII_227,-0.281471979,0.11724744,0.071736279,,
qNSCII_226,-0.142422884,0.011153336,-0.046761208,,
qNSCII_225,-0.166863372,0.019125315,-0.025570624,,
qNSCII_224,-0.138573813,0.006543182,-0.056483638,,
qNSCII_223,-0.199797091,0.032923643,0.002026294,,
qNSCII_222,-0.156952357,0.009851229,-0.034465553,,
qNSCII_221,-0.183997148,0.041275982,-0.028633677,,
qNSCII_220,-0.131139493,-0.008401056,-0.074915627,,
qNSCII_22,-0.288735395,0.102502878,0.111986992,,
qNSCII_219,-0.159420237,0.020677478,-0.028751361,,
qNSCII_218,-0.242969889,0.063990786,0.018786334,,
qNSCII_217,-0.174342276,0.023333995,-0.032089858,,
qNSCII_216,-0.180118903,0.026926066,-0.019481459,,
qNSCII_215,-0.105573234,-0.021012423,-0.105175611,,
qNSCII_214,-0.224533699,0.071184153,-0.00187463,,
qNSCII_213,-0.245304473,0.084617549,0.032645953,,
qNSCII_212,-0.15121632,0.013372935,-0.063845079,,
qNSCII_211,-0.16025025,0.020912631,-0.023149807,,
qNSCII_210,-0.296673986,0.108065888,0.114737335,,
qNSCII_21,-0.142395243,0.018770783,-0.024837423,,
qNSCII_209,-0.357429312,0.168290862,0.205656018,,
qNSCII_208,-0.25845938,0.078009737,0.071571422,,
qNSCII_207,-0.187399468,0.030553682,-0.012752073,,
qNSCII_206,-0.260014122,0.078744413,0.069832945,,
qNSCII_205,-0.229274577,0.051412285,0.039124917,,
qNSCII_204,-0.2014181,0.05383124,-0.020619266,,
qNSCII_203,-0.258346585,0.083454111,0.067939047,,
qNSCII_202,-0.303461506,0.117644277,0.059286766,,
qNSCII_201,-0.290927968,0.133291551,0.113227509,,
qNSCII_200,-0.136048452,0.009972702,-0.049550989,,
qNSCII_20,-0.259141228,0.084392132,0.05273114,,
qNSCII_2,-0.189462165,0.033566399,-0.004788111,,
qNSCII_199,-0.209582999,0.042925559,0.016943106,,
qNSCII_198,-0.196878293,0.051371651,-0.007575012,,
qNSCII_197,-0.281336678,0.098934934,0.100785906,,
qNSCII_196,-0.248645575,0.068224137,0.061889365,,
qNSCII_195,-0.220970591,0.047263118,0.012589962,,
qNSCII_194,-0.212541502,0.049331289,0.018410736,,
qNSCII_193,-0.16030008,0.020879154,-0.052641027,,
qNSCII_192,-0.181118496,0.034644558,-0.045809641,,
qNSCII_191,-0.246245446,0.073704531,0.067272263,,
qNSCII_190,-0.181606505,0.036575153,-0.020071841,,
qNSCII_19,-0.354678093,0.15305704,0.197132716,,
qNSCII_189,-0.198941433,0.048305097,-0.028049192,,
qNSCII_188,-0.203262819,0.057902543,0.006388366,,
qNSCII_187,-0.20520646,0.043108015,0.016569477,,
qNSCII_186,-0.251102316,0.074822206,0.064294525,,
qNSCII_185,-0.207956197,0.052414983,0.015739125,,
qNSCII_184,-0.210342457,0.06260804,0.028372146,,
qNSCII_183,-0.197071091,0.033515468,-0.003563488,,
qNSCII_182,-0.150669218,0.012331929,-0.051696821,,
qNSCII_181,-0.172347033,0.048149005,-0.037512383,,
qNSCII_180,-0.39632286,0.238386908,0.290289175,,
qNSCII_18,-0.14112389,0.001525424,-0.049881953,,
qNSCII_179,-0.150441466,0.013330484,-0.051608186,,
qNSCII_178,-0.196847747,0.039265541,-0.000824845,,
qNSCII_177,-0.224544864,0.063484714,0.016961132,,
qNSCII_176,-0.210188049,0.044731105,-0.005544743,,
qNSCII_175,-0.16712731,0.01888091,-0.023896972,,
qNSCII_174,-0.111007221,-0.015426348,-0.102725998,,
qNSCII_173,-0.179062968,0.026272411,-0.010267773,,
qNSCII_172,-0.173958863,0.025262672,-0.01645639,,
qNSCII_171,-0.149752196,0.017422874,-0.067194186,,
qNSCII_170,-0.153032605,0.014582576,-0.030813359,,
qNSCII_17,-0.214296068,0.051276437,0.032973568,,
qNSCII_169,-0.169835016,0.030444801,-0.022127442,,
qNSCII_168,-0.215055191,0.050308044,0.018019083,,
qNSCII_167,-0.155742128,0.035104272,-0.060044784,,
qNSCII_166,-0.152507162,0.022862533,-0.039242827,,
qNSCII_165,-0.172827617,0.026264801,-0.022893829,,
qNSCII_164,-0.262996905,0.082171753,0.066843799,,
qNSCII_163,-0.175782173,0.029352016,-0.022532762,,
qNSCII_162,-0.208450606,0.041455081,-0.008832416,,
qNSCII_161,-0.229873992,0.075796404,0.044975768,,
qNSCII_160,-0.152098762,0.017336312,-0.044700815,,
qNSCII_16,-0.150895617,0.017481763,-0.070462854,,
qNSCII_159,-0.167850537,0.021001533,-0.037140377,,
qNSCII_158,-0.160688704,0.025134763,-0.056284808,,
qNSCII_157,-0.191437442,0.038936193,-0.011930758,,
qNSCII_156,-0.180574222,0.030059837,-0.016498327,,
qNSCII_155,-0.156049612,0.01140795,-0.03607706,,
qNSCII_154,-0.180563688,0.030573081,-0.030750286,,
qNSCII_153,-0.173688727,0.028720767,-0.047981868,,
qNSCII_152,-0.186591004,0.042642837,-0.027870448,,
qNSCII_151,-0.319200052,0.122363084,0.128830961,,
qNSCII_150,-0.133410693,0.003370148,-0.071320491,,
qNSCII_15,-0.268823522,0.112156745,0.056515952,,
qNSCII_149,-0.18705333,0.032714551,-0.000937778,,
qNSCII_148,-0.145027142,0.017887901,-0.06846497,,
qNSCII_147,-0.194316516,0.035241759,-0.019616736,,
qNSCII_146,-0.19608904,0.050442426,0.02007265,,
qNSCII_145,-0.187436906,0.055442211,-0.012988636,,
qNSCII_144,-0.215602433,0.05838548,0.01523916,,
qNSCII_143,-0.150901831,0.02016016,-0.023690357,,
qNSCII_142,-0.245119286,0.078899319,0.059845363,,
qNSCII_141,-0.311005418,0.122066952,0.150116147,,
qNSCII_140,-0.335007894,0.132419671,0.150706246,,
qNSCII_14,-0.173272247,0.030605312,-0.03974026,,
qNSCII_139,-0.145619298,0.002876404,-0.050131786,,
qNSCII_138,-0.119045313,-0.00946094,-0.08281634,,
qNSCII_137,-0.114114198,-0.014593347,-0.093982984,,
qNSCII_136,-0.234314454,0.071989103,0.046597974,,
qNSCII_135,-0.165114885,0.021916572,-0.035671413,,
qNSCII_134,-0.216542346,0.054680268,0.006667171,,
qNSCII_133,-0.20592321,0.057530474,0.021097117,,
qNSCII_132,-0.218439015,0.055963047,0.011623601,,
qNSCII_131,-0.094066228,-0.027395232,-0.120942266,,
qNSCII_130,-0.144211138,0.014549344,-0.044551057,,
qNSCII_13,-0.147304103,0.013844765,-0.042205486,,
qNSCII_129,-0.375634639,0.181829724,0.256337154,,
qNSCII_128,-0.125607362,-0.002668769,-0.091743535,,
qNSCII_127,-0.239293263,0.073338652,0.062125267,,
qNSCII_126,-0.113912474,-0.011936228,-0.113467891,,
qNSCII_125,-0.138688906,0.002005774,-0.057016875,,
qNSCII_124,-0.221453023,0.057705704,0.03085383,,
qNSCII_123,-0.184526324,0.029005113,-0.017417275,,
qNSCII_122,-0.133174209,-0.003257423,-0.063860406,,
qNSCII_121,-0.16345962,0.020501054,-0.0440912,,
qNSCII_120,-0.21780996,0.054322305,0.01691159,,
qNSCII_12,-0.296332512,0.102416202,0.141088679,,
qNSCII_119,-0.194994632,0.033608621,-0.009833162,,
qNSCII_118,-0.199873197,0.041672987,0.004631687,,
qNSCII_117,-0.243393748,0.070184507,0.039783038,,
qNSCII_116,-0.190128942,0.058580907,-0.074662717,,
qNSCII_115,-0.151496853,0.006459063,-0.053533727,,
qNSCII_114,-0.274204652,0.089336591,0.106378418,,
qNSCII_113,-0.34006986,0.185830904,0.173556395,,
qNSCII_112,-0.295041759,0.120484759,0.090044251,,
qNSCII_111,-0.232562811,0.056250323,0.030341727,,
qNSCII_110,-0.231717558,0.063920605,0.02886275,,
qNSCII_11,-0.240407767,0.069524782,0.036667142,,
qNSCII_109,-0.175071129,0.020332578,-0.021104769,,
qNSCII_108,-0.2476923,0.080166053,0.026867493,,
qNSCII_107,-0.112440562,-0.021413804,-0.106665008,,
qNSCII_106,-0.141360178,0.011274665,-0.045536662,,
qNSCII_105,-0.167377416,0.023749533,-0.021303705,,
qNSCII_104,-0.158717338,0.015571434,-0.056241664,,
qNSCII_103,-0.180675528,0.026358067,-0.021823301,,
qNSCII_102,-0.088506693,-0.035279382,-0.137998366,,
qNSCII_101,-0.112215998,-0.007719877,-0.079009869,,
qNSCII_100,-0.176606066,0.038952345,-0.020038145,,
qNSCII_10,-0.223698976,0.056200947,0.015179218,,
qNSCII_1,-0.23290722,0.082711365,0.02824866,,
pNSC_9,-0.119016787,0.037172149,-0.023771757,,
pNSC_84,-0.130573761,0.048854957,0.03131672,,
pNSC_83,-0.091387848,-0.001740069,-0.053250194,,
pNSC_82,-0.228099586,0.146410139,0.131665012,,
pNSC_81,0.003954689,-0.056661677,-0.167322598,,
pNSC_80,-0.188440698,0.072851944,0.033708328,,
pNSC_8,-0.113196638,0.020568008,-0.039133629,,
pNSC_79,-0.113883432,0.014541807,-0.063961829,,
pNSC_78,-0.036947016,0.020889346,-0.068269675,,
pNSC_77,-0.068506349,-0.013215801,-0.088041375,,
pNSC_76,-0.069124378,-0.012230036,-0.09574723,,
pNSC_75,-0.083157516,0.000985559,-0.047708993,,
pNSC_74,-0.139575296,0.079918336,0.007908022,,
pNSC_73,-0.117417042,0.050692164,0.03003765,,
pNSC_72,-0.140426371,0.024599999,-0.017317098,,
pNSC_71,-0.127669734,-0.014459652,-0.039796777,,
pNSC_70,-0.158345602,0.071075502,0.004016589,,
pNSC_7,-0.087387245,-0.012012221,-0.083590363,,
pNSC_69,-0.040679514,0.001894566,-0.071705257,,
pNSC_68,-0.1991927,0.076100242,-0.007341743,,
pNSC_67,0.019395968,-0.116522802,-0.267886559,,
pNSC_66,-0.151671662,0.038213992,-0.065701715,,
pNSC_65,-0.108359503,0.018786361,-0.06691897,,
pNSC_64,0.026085053,-0.109877497,-0.252701439,,
pNSC_63,0.011973061,-0.108045117,-0.257570238,,
pNSC_62,-0.131488747,0.008847154,-0.027419919,,
pNSC_61,-0.080063749,-0.018108479,-0.109704587,,
pNSC_60,-0.110394047,-0.034539694,-0.081576019,,
pNSC_6,-0.139931969,0.052909571,0.00558697,,
pNSC_59,-0.29804746,0.238598829,0.357949241,,
pNSC_58,-0.138823268,0.017897133,-0.025146403,,
pNSC_57,-0.194987676,0.07261679,0.041695484,,
pNSC_56,0.000857256,-0.103764046,-0.22092967,,
pNSC_55,0.025046134,-0.126643543,-0.265845383,,
pNSC_54,0.015625291,-0.109164121,-0.276244212,,
pNSC_53,-0.150576734,0.030926987,-0.045718764,,
pNSC_52,-0.287875972,0.131766416,0.134056466,,
pNSC_51,0.028619433,-0.107410802,-0.250895904,,
pNSC_50,-0.092553681,0.02950253,-0.025692002,,
pNSC_5,-0.308775687,0.168140349,0.182108369,,
pNSC_49,-0.223216036,0.109299118,0.083629921,,
pNSC_48,0.029152665,-0.104548522,-0.246624841,,
pNSC_47,0.016647436,-0.120408623,-0.263673127,,
pNSC_46,-0.036263151,-0.03669003,-0.129885835,,
pNSC_45,-0.076332894,-0.020319312,-0.095553469,,
pNSC_44,-0.179472449,0.058548616,0.020934823,,
pNSC_43,-0.119209678,0.013894846,-0.043980394,,
pNSC_42,-0.120028328,0.012704545,-0.037483812,,
pNSC_41,-0.186417318,0.10846369,0.039403156,,
pNSC_40,-0.288870258,0.151249266,0.167310177,,
pNSC_4,-0.032009347,-0.00826335,-0.061842735,,
pNSC_39,-0.135566213,0.024704113,-0.034680749,,
pNSC_38,-0.066171984,0.038929731,0.006844553,,
pNSC_37,-0.391999754,0.254287281,0.478971591,,
pNSC_36,-0.033069565,-0.065472832,-0.196372985,,
pNSC_35,-0.152936457,0.052996017,-0.003387838,,
pNSC_34,-0.080006386,-0.02167508,-0.114324817,,
pNSC_33,-0.117307341,0.003098051,-0.049858407,,
pNSC_32,-0.053977946,-0.030539365,-0.133422422,,
pNSC_31,-0.197556875,0.079127743,0.069803052,,
pNSC_30,-0.176761486,0.039490318,-0.007401625,,
pNSC_3,-0.12581842,0.003131153,-0.045410127,,
pNSC_29,-0.013222052,-0.046347351,-0.150874717,,
pNSC_28,-0.083568274,-0.021815998,-0.101511909,,
pNSC_27,-0.156768254,0.074688761,0.045032634,,
pNSC_26,-0.171692664,0.051417253,0.005850426,,
pNSC_25,-0.181477073,0.058730485,0.020292019,,
pNSC_24,-0.078816855,-0.02079746,-0.113412784,,
pNSC_23,-0.328977751,0.18580383,0.268554188,,
pNSC_22,-0.090733723,-0.01784811,-0.091454571,,
pNSC_21,-0.170360545,0.080558848,0.051040127,,
pNSC_20,-0.078531419,-0.023553887,-0.107559446,,
pNSC_2,-0.116851629,0.008344068,-0.063798692,,
pNSC_19,-0.222261195,0.106390371,0.06154929,,
pNSC_18,-0.154403976,0.045228652,-0.010344245,,
pNSC_17,-0.082376302,-0.003110483,-0.067068459,,
pNSC_16,-0.090606815,0.004478454,-0.056469866,,
pNSC_15,0.004091281,-0.106295088,-0.286776848,,
pNSC_14,-0.124914697,0.010536047,-0.072645165,,
pNSC_13,-0.205687566,0.067268698,0.017628595,,
pNSC_12,-0.056872148,0.046739222,-0.035696339,,
pNSC_11,-0.221303953,0.122518033,0.107111152,,
pNSC_10,-0.411061588,0.28763545,0.502394855,,
pNSC_1,-0.066375905,-0.00215275,-0.082773318,,
aNSC_99,0.266274032,0.058161371,0.012938607,,
aNSC_98,0.252210837,0.023037273,-0.03102215,,
aNSC_97,0.118068387,-0.031912096,-0.125088831,,
aNSC_96,0.124180531,-0.035977889,-0.140402237,,
aNSC_95,-0.162645828,0.120218032,0.099527705,,
aNSC_94,-0.060811922,0.034063707,-0.004223709,,
aNSC_93,0.006902572,-0.026431582,-0.108639756,,
aNSC_92,0.122092062,-0.03369215,-0.138586158,,
aNSC_91,-0.045690943,-0.014520169,-0.078538169,,
aNSC_90,0.132526317,-0.012556411,-0.088457331,,
aNSC_9,0.103580908,0.035555485,0.003319726,,
aNSC_89,0.046715627,-0.04592873,-0.144315725,,
aNSC_88,-0.056783239,0.107967105,0.105324315,,
aNSC_87,0.064673625,-0.050672813,-0.156642003,,
aNSC_86,-0.028348481,0.024044992,0.023929197,,
aNSC_85,0.056601048,-0.019623507,-0.108769037,,
aNSC_84,-0.016521598,0.029098504,-0.0486075,,
aNSC_83,0.143371954,-0.008199452,-0.089316597,,
aNSC_82,-0.039572415,-0.041324235,-0.135864402,,
aNSC_81,0.21476178,0.017512581,-0.052500407,,
aNSC_80,-0.022194758,0.003530594,-0.075631139,,
aNSC_8,0.227773111,0.114800375,0.081299604,,
aNSC_79,-0.037113594,0.026136658,-0.01073507,,
aNSC_78,-0.082532875,0.103243507,0.098477381,,
aNSC_77,0.115209185,0.041167277,0.00506883,,
aNSC_76,-0.058915493,0.026203346,-0.010144968,,
aNSC_75,-0.097732354,0.002772299,-0.052407968,,
aNSC_74,0.10722328,0.114768913,0.127542206,,
aNSC_73,0.013617753,-0.009102148,-0.065553446,,
aNSC_72,0.036219583,0.081068355,0.035865472,,
aNSC_71,0.008984881,-0.016568204,-0.085486004,,
aNSC_70,0.064751461,0.036926917,0.006453443,,
aNSC_7,0.041541447,-0.036488212,-0.144093489,,
aNSC_69,-0.01183788,0.022916328,-0.015411565,,
aNSC_68,0.155532691,0.105339167,0.102552422,,
aNSC_67,0.041911006,-0.033016666,-0.120561268,,
aNSC_66,0.02635358,-0.021711434,-0.108476592,,
aNSC_65,0.13960324,0.007725851,-0.06540395,,
aNSC_64,0.094555831,-0.030038234,-0.125353101,,
aNSC_63,0.031604204,-0.016679534,-0.09966505,,
aNSC_62,0.031306001,0.016365245,-0.032265699,,
aNSC_61,0.050369346,-0.014826003,-0.084011534,,
aNSC_60,-0.062519373,-0.004003434,-0.048968132,,
aNSC_6,0.015000133,-0.040278108,-0.135225879,,
aNSC_59,-0.016021474,0.010123889,-0.02761126,,
aNSC_58,-0.022521354,-0.001497825,-0.056819235,,
aNSC_57,-0.045469471,-0.016380025,-0.078889667,,
aNSC_56,0.081989716,-0.025959872,-0.127757858,,
aNSC_55,0.153682635,0.207335742,0.240329749,,
aNSC_54,-0.058400214,0.036278563,0.019847123,,
aNSC_53,-0.123303102,0.042485892,0.022548546,,
aNSC_52,0.16140649,-0.00706038,-0.089399048,,
aNSC_51,0.185351126,0.008532975,-0.07364982,,
aNSC_50,0.286287578,0.126510417,0.097862752,,
aNSC_5,-0.10761149,0.039671073,0.006708383,,
aNSC_49,0.363594093,0.04148065,-0.029061367,,
aNSC_48,0.090815558,-0.04868946,-0.164888269,,
aNSC_47,0.275881492,0.052135073,0.001752294,,
aNSC_46,0.050124254,0.025540675,-0.07349233,,
aNSC_45,0.389257531,0.080484082,0.051654498,,
aNSC_44,0.245307252,0.03991392,-0.028289638,,
aNSC_43,0.182201402,-0.022592324,-0.12584167,,
aNSC_42,0.212510359,-0.010041166,-0.105548586,,
aNSC_41,0.037895021,0.037638302,0.006519816,,
aNSC_40,0.29601933,0.014893302,-0.074975461,,
aNSC_4,-0.113995108,0.089532984,0.083810502,,
aNSC_39,0.3180013,0.063645107,0.008186391,,
aNSC_38,0.041587354,0.066557726,0.00121021,,
aNSC_37,0.475326106,0.10525462,0.174633709,,
aNSC_36,0.143436569,0.0136172,-0.050119296,,
aNSC_35,0.255794008,0.002979781,-0.093737008,,
aNSC_34,0.037195738,-0.064920428,-0.203419067,,
aNSC_33,-0.024567349,0.16893341,0.173176367,,
aNSC_32,0.351277778,0.043505882,-0.033457306,,
aNSC_31,0.576006986,0.086167852,0.155906653,,
aNSC_30,0.076135568,-0.036030619,-0.142070812,,
aNSC_3,0.000298401,0.003093727,-0.065914825,,
aNSC_29,0.089244119,-0.05578667,-0.179428949,,
aNSC_28,0.075887658,-0.043529098,-0.157600289,,
aNSC_27,0.113130425,-0.027661885,-0.125082596,,
aNSC_26,0.053927381,-0.015378048,-0.101004341,,
aNSC_25,0.170379938,0.060183924,0.018797705,,
aNSC_24,0.129608663,-0.025204088,-0.119238319,,
aNSC_23,-0.021824063,0.008989195,-0.028151902,,
aNSC_22,0.07331299,-0.027893276,-0.113802199,,
aNSC_21,-0.05807907,-0.017287973,-0.08014847,,
aNSC_20,0.155637318,-0.001090001,-0.068921756,,
aNSC_2,0.080434678,-0.038349418,-0.141389603,,
aNSC_19,0.065334156,0.042717365,0.014635332,,
aNSC_18,0.016716629,-0.052941773,-0.165799928,,
aNSC_17,-0.026698522,-0.035209592,-0.118792785,,
aNSC_16,0.022153113,0.039217106,0.01200165,,
aNSC_15,0.062968822,-0.035057838,-0.124509082,,
aNSC_14,0.023415814,-0.033926963,-0.129092154,,
aNSC_13,0.020403324,-0.052707581,-0.168950053,,
aNSC_127,0.210909928,0.045763026,0.004709566,,
aNSC_126,0.276958808,0.039805487,-0.029084287,,
aNSC_125,0.174999206,-0.024593769,-0.120627875,,
aNSC_124,0.238253147,-0.002332206,-0.086072682,,
aNSC_123,0.145483953,0.025349812,-0.024844647,,
aNSC_122,0.137856077,-0.006632494,-0.079743411,,
aNSC_121,0.121272392,-0.002109775,-0.056642307,,
aNSC_120,0.13027805,-0.015545821,-0.091742549,,
aNSC_12,-0.052607524,0.066876346,0.06047647,,
aNSC_119,0.106741781,0.005111145,-0.054091458,,
aNSC_118,0.193948864,0.011847242,-0.057339553,,
aNSC_117,0.227576622,0.031172574,-0.037915604,,
aNSC_116,0.094663455,-0.04087312,-0.14214711,,
aNSC_115,0.094362924,-0.017293798,-0.091051397,,
aNSC_114,0.055745628,0.013484393,-0.028046574,,
aNSC_113,0.191001552,0.014409564,-0.047726857,,
aNSC_112,0.208997491,0.028097771,-0.037671698,,
aNSC_111,0.127812599,-0.013036599,-0.084251366,,
aNSC_110,0.189207461,0.006893481,-0.065320205,,
aNSC_11,0.092846472,-0.009623079,-0.099853479,,
aNSC_109,0.149198533,-0.010223784,-0.08879617,,
aNSC_108,0.228754311,0.046012119,-0.015276267,,
aNSC_107,0.240159963,0.087855027,0.071461187,,
aNSC_106,0.232929609,0.004627557,-0.079628974,,
aNSC_105,0.165676224,-0.006696913,-0.083528563,,
aNSC_104,0.100974119,-0.01864472,-0.098793892,,
aNSC_103,0.113352661,-0.013213787,-0.093712991,,
aNSC_102,0.142412036,-0.030680799,-0.133673585,,
aNSC_101,0.161105122,0.048723043,0.001166847,,
aNSC_100,0.110875107,0.001846246,-0.056242944,,
aNSC_10,0.053117006,0.031435476,-0.005423785,,
aNSC_1,0.081719219,-0.012905234,-0.081222154,,
TAP_99,0.54973647,0.080812973,0.093930543,,
TAP_98,0.188471061,-0.031305212,-0.137585761,,
TAP_97,0.263965111,0.00511378,-0.077541776,,
TAP_96,0.517313217,0.104352018,0.146721648,,
TAP_95,0.641377988,0.108423193,0.257000139,,
TAP_94,0.237616477,0.058711331,0.006429328,,
TAP_93,0.223864599,-0.019027827,-0.112003318,,
TAP_92,0.125484838,-0.009121226,-0.085885016,,
TAP_91,0.566765783,0.071155145,0.12266851,,
TAP_90,0.547559621,0.090288211,0.152609571,,
TAP_9,0.301982879,0.025580148,-0.04616169,,
TAP_89,0.517913999,0.13253511,0.304624524,,
TAP_88,0.528214369,0.075427858,0.086403764,,
TAP_87,0.377433806,0.034244641,-0.024752831,,
TAP_86,0.281233264,0.008689955,-0.084537057,,
TAP_85,0.317382494,0.031081845,-0.027187435,,
TAP_84,0.535092316,0.115561683,0.210181376,,
TAP_83,0.274627212,0.040353625,-0.010284627,,
TAP_82,0.677585804,0.087746831,0.223935678,,
TAP_81,0.517482439,0.089201345,0.142057939,,
TAP_80,0.270710146,-0.002953767,-0.087744776,,
TAP_8,0.280552243,0.065432203,0.019559842,,
TAP_79,0.36622422,0.036315933,-0.039849081,,
TAP_78,0.263848468,0.041607537,-0.015188236,,
TAP_77,0.284080128,0.020108172,-0.050927697,,
TAP_76,0.177473031,0.033300842,-0.0226884,,
TAP_75,0.30416944,0.040659558,-0.006460904,,
TAP_74,0.309023872,0.032808395,-0.032151214,,
TAP_73,0.398658771,0.058398399,0.012588091,,
TAP_72,0.21203701,-0.005469177,-0.087549214,,
TAP_71,0.186634451,-0.023791186,-0.1192332,,
TAP_70,0.2135508,-0.005799758,-0.103689162,,
TAP_7,0.131325695,-0.031734488,-0.130191946,,
TAP_69,0.171803489,-0.025507743,-0.125425458,,
TAP_68,0.286341972,0.032141635,-0.043874864,,
TAP_67,0.170611102,0.056988249,-0.011341644,,
TAP_66,0.140820854,-0.000592405,-0.049976073,,
TAP_65,0.240329857,-0.014875695,-0.118522051,,
TAP_64,0.484034356,0.042535147,0.024897241,,
TAP_63,0.182470507,-0.010586616,-0.089976539,,
TAP_62,0.224008973,-0.003709675,-0.077207095,,
TAP_61,0.116149532,-0.060648618,-0.191237913,,
TAP_60,0.397688776,0.059262658,-0.009314955,,
TAP_6,0.112401535,-0.026819982,-0.123978658,,
TAP_59,0.259496105,0.013703857,-0.065139078,,
TAP_58,0.605515449,0.115333018,0.263695696,,
TAP_57,0.423677007,0.102019998,0.103114279,,
TAP_56,0.378590185,0.040850887,-0.020753807,,
TAP_55,0.502279622,0.065184816,0.05979821,,
TAP_54,0.309585462,0.010025112,-0.089806398,,
TAP_53,0.406107114,0.066944518,0.013558047,,
TAP_52,0.379324094,0.039519102,-0.039426495,,
TAP_51,0.227539976,0.003441885,-0.058620954,,
TAP_50,0.313010805,0.044944667,-0.029502747,,
TAP_5,0.101881807,0.006369973,-0.063230142,,
TAP_49,0.249434418,0.022532166,-0.058820213,,
TAP_48,0.560898908,0.089270693,0.12538074,,
TAP_47,0.323036697,0.057448733,0.030526699,,
TAP_46,0.205972674,-0.010495522,-0.104161892,,
TAP_45,0.498943071,0.087891928,0.114894949,,
TAP_44,0.221635186,-0.020766339,-0.132395238,,
TAP_43,0.18282422,0.003571971,-0.070082381,,
TAP_42,0.115183359,-0.036867311,-0.150845397,,
TAP_41,0.462272264,0.08713311,0.081847095,,
TAP_40,0.241065205,0.028406505,-0.038157042,,
TAP_4,0.050978533,-0.023795217,-0.11073563,,
TAP_39,0.157232924,-0.033690703,-0.136903898,,
TAP_38,0.217810758,0.005153753,-0.078606473,,
TAP_37,0.634164078,0.092832094,0.212465195,,
TAP_36,0.373246163,0.054947054,-1.01E-05,,
TAP_35,0.3563196,0.042783086,-0.027833144,,
TAP_34,0.097316929,-0.041319419,-0.153900525,,
TAP_33,0.480485597,0.043658929,0.035199206,,
TAP_32,0.327073717,0.062158346,0.007598781,,
TAP_31,0.229034141,-0.005642498,-0.090504801,,
TAP_30,0.150606181,-0.040192178,-0.142033568,,
TAP_3,0.049631532,-0.03360241,-0.128199339,,
TAP_29,0.289608362,0.040288233,-0.019722121,,
TAP_28,0.24221955,-0.004693549,-0.097377666,,
TAP_27,0.386078374,0.053168937,-0.011520893,,
TAP_26,0.182817645,-0.019587564,-0.118416354,,
TAP_25,0.299385145,0.007515352,-0.071456549,,
TAP_24,0.104846594,-0.053349376,-0.16835835,,
TAP_23,0.281429327,-0.007806555,-0.117135439,,
TAP_22,0.357420388,0.026092189,-0.071575651,,
TAP_21,0.298919121,0.04368152,-0.030670369,,
TAP_20,0.521398745,0.070218526,0.069876205,,
TAP_2,0.127068757,0.01502247,-0.045987293,,
TAP_19,0.305964428,0.049511977,-0.018449704,,
TAP_18,0.42447988,0.077209692,0.04462071,,
TAP_17,0.218436585,-0.003356143,-0.094103383,,
TAP_168,0.213516279,0.076240256,0.047369003,,
TAP_167,0.12911565,0.076965429,0.056848725,,
TAP_166,0.184559593,0.010082254,-0.059675298,,
TAP_165,0.18844909,0.024213431,-0.043072067,,
TAP_164,0.106590767,-0.015859897,-0.098278341,,
TAP_163,0.132314448,-0.037993449,-0.141966219,,
TAP_162,0.142241072,-0.013350287,-0.08351858,,
TAP_161,0.274672044,0.0341602,-0.003505481,,
TAP_160,0.168495532,0.057826501,0.005931826,,
TAP_16,0.192600038,-0.02895031,-0.13089603,,
TAP_159,0.220705159,0.004611774,-0.064594619,,
TAP_158,0.079258786,-0.017056041,-0.098145375,,
TAP_157,0.126398391,0.008663852,-0.055543996,,
TAP_156,0.170223924,0.010997813,-0.064660927,,
TAP_155,0.199546901,0.068182171,0.021932562,,
TAP_154,0.253048842,-0.000908255,-0.084141747,,
TAP_153,0.559062001,0.088127978,0.151557995,,
TAP_152,0.468274288,0.063521552,0.037687512,,
TAP_151,0.395895156,0.032877804,-0.020987924,,
TAP_150,0.694130113,0.131390321,0.374383476,,
TAP_15,0.429334072,0.071506288,0.053816728,,
TAP_149,0.161146075,-0.010586478,-0.084195093,,
TAP_148,0.305998504,0.007904191,-0.083235296,,
TAP_147,0.393935684,0.019259071,-0.050142918,,
TAP_146,0.582930942,0.085255075,0.132158244,,
TAP_145,0.577792104,0.091589071,0.19453469,,
TAP_144,0.618180605,0.109432797,0.213292592,,
TAP_143,0.655526426,0.089739117,0.21968082,,
TAP_142,0.402472939,0.075468112,0.048059016,,
TAP_141,0.352578711,0.038919596,-0.044356761,,
TAP_140,0.613313421,0.093669877,0.189105451,,
TAP_14,0.183695504,-0.041767605,-0.156789166,,
TAP_139,0.673554105,0.124610687,0.303566099,,
TAP_138,0.382270835,0.042653199,-0.029228338,,
TAP_137,0.49286769,0.107706038,0.132422645,,
TAP_136,0.483769478,0.077027384,0.063709053,,
TAP_135,0.67941239,0.116891253,0.328636334,,
TAP_134,0.430433559,0.048120236,-0.002329321,,
TAP_133,0.270347385,-0.005554368,-0.10162705,,
TAP_132,0.338609791,0.003753775,-0.083098318,,
TAP_131,0.378150812,0.039680213,-0.038808125,,
TAP_130,0.320845222,0.022028399,-0.060055871,,
TAP_13,0.450988318,0.020243058,-0.008137906,,
TAP_129,0.26509218,-0.007187123,-0.09681332,,
TAP_128,0.354648723,0.118056529,0.128978714,,
TAP_127,0.699400023,0.145439768,0.365394651,,
TAP_126,0.26140674,0.028726425,-0.056232176,,
TAP_125,0.160335242,0.030932872,-0.015647182,,
TAP_124,0.31913042,0.000876295,-0.104002469,,
TAP_123,0.432597563,0.042711873,-0.01047263,,
TAP_122,0.363559664,0.009718366,-0.067178022,,
TAP_121,0.524007047,0.067165043,0.089983821,,
TAP_120,0.208541965,-0.033962195,-0.142201815,,
TAP_12,0.443404049,0.070675904,0.056775383,,
TAP_119,0.258910848,0.000223634,-0.0979623,,
TAP_118,0.406918931,0.089255433,0.101161962,,
TAP_117,0.158067203,-0.024291613,-0.128231324,,
TAP_116,0.105497701,-0.050082318,-0.165147306,,
TAP_115,0.648742296,0.106485355,0.260741569,,
TAP_114,0.226031864,0.059927791,-0.003725486,,
TAP_113,0.552405568,0.127873784,0.230122581,,
TAP_112,0.190655404,-0.016920946,-0.117446441,,
TAP_111,0.41841836,0.027969844,-0.03275656,,
TAP_110,0.601645986,0.081273266,0.132627826,,
TAP_11,0.263113436,-0.00100778,-0.075525142,,
TAP_109,0.51459949,0.079377054,0.086420076,,
TAP_108,0.323401727,0.024132485,-0.058360393,,
TAP_107,0.304072735,0.009661428,-0.078576097,,
TAP_106,0.517812933,0.058728455,0.078036668,,
TAP_105,0.46045934,0.081981908,0.049935461,,
TAP_104,0.174229112,-0.033013842,-0.144915977,,
TAP_103,0.609358502,0.091056044,0.187249454,,
TAP_102,0.377317103,0.041720097,-0.020243582,,
TAP_101,0.202862286,-0.005833778,-0.095365914,,
TAP_100,0.232696231,0.008190045,-0.078996953,,
TAP_10,0.565979698,0.083685733,0.162333018,,
TAP_1,0.132527402,-0.012323599,-0.082855843,,
NB_99,0.275945983,0.042092154,-0.028631368,,
NB_98,0.291079498,0.020624958,-0.058279878,,
NB_97,0.483645671,0.085837179,0.088950864,,
NB_96,0.329013372,0.014013369,-0.06632492,,
NB_95,0.363886699,0.028703824,-0.013257985,,
NB_94,0.457389431,0.065078429,0.051424174,,
NB_93,0.316040289,0.066329943,0.022940261,,
NB_92,0.344631688,0.063868766,0.014217759,,
NB_91,0.306670998,0.091658193,0.082750986,,
NB_90,0.613602973,0.089827231,0.179670809,,
NB_9,0.155197723,0.014048088,-0.036400422,,
NB_89,0.357720833,0.031009324,-0.043553282,,
NB_88,0.380249821,0.082327416,0.063370168,,
NB_87,0.212846974,0.008587597,-0.085713755,,
NB_86,0.356114404,0.041454557,-0.026720913,,
NB_85,0.269267669,0.005661066,-0.078621606,,
NB_84,0.280570242,0.013696874,-0.061781714,,
NB_83,0.239927658,0.055265004,-0.019318181,,
NB_82,0.258727319,-0.011158471,-0.108408299,,
NB_81,0.337950813,0.071431284,0.031717395,,
NB_80,0.370027478,0.075321993,0.083159917,,
NB_8,0.197681849,-0.008185118,-0.084196362,,
NB_79,0.119780313,0.001827918,-0.066872258,,
NB_78,0.304378882,0.06235263,0.050848732,,
NB_77,0.250727586,-0.009552768,-0.090160606,,
NB_76,0.172993288,0.089453435,0.049447533,,
NB_75,0.493577537,0.077480085,0.074315366,,
NB_74,0.209734395,-0.002665104,-0.088662126,,
NB_73,0.263085111,0.047906989,-0.002875614,,
NB_72,0.309503691,0.120601189,0.112828655,,
NB_71,0.194874074,0.050123674,0.010503867,,
NB_70,0.474474231,0.069577021,0.066499508,,
NB_7,0.280948732,0.09543516,0.085378878,,
NB_69,0.623159332,0.080777417,0.233363889,,
NB_68,0.323597454,0.022447434,-0.049846916,,
NB_67,0.35368734,0.033922565,-0.011685224,,
NB_66,0.330261561,0.024930274,-0.057039747,,
NB_65,0.442088286,0.094316055,0.127929171,,
NB_64,0.302009391,0.010345883,-0.092071568,,
NB_63,0.1421846,-0.023829496,-0.106157695,,
NB_62,0.248175757,0.021851423,-0.060217992,,
NB_61,0.250986517,0.008964823,-0.069363924,,
NB_60,0.233132242,-0.018117831,-0.11561882,,
NB_6,0.394947964,0.03954936,-0.036227218,,
NB_59,0.481572056,0.063952173,0.06929776,,
NB_58,0.43013839,0.068706713,0.086497214,,
NB_57,0.119689435,0.016920996,-0.021688133,,
NB_56,0.21476398,0.021864524,-0.051935698,,
NB_55,0.552562424,0.148410756,0.314977944,,
NB_54,0.362721894,0.032050876,-0.042546285,,
NB_53,0.412675609,0.104820902,0.084132472,,
NB_52,0.367999372,0.133587869,0.187716708,,
NB_51,0.151860994,-0.048542581,-0.166502285,,
NB_50,0.302194122,0.027449545,-0.047302627,,
NB_5,0.444030049,0.050314052,0.015483693,,
NB_49,0.461173939,0.053268188,0.054971871,,
NB_48,0.23154825,0.072575448,0.044352553,,
NB_47,0.475139096,0.082414837,0.20647267,,
NB_46,0.202353592,0.05726397,0.012719791,,
NB_45,0.265875564,0.083114405,0.032584444,,
NB_44,0.455703491,0.122864964,0.149174649,,
NB_43,0.376210328,0.02978285,-0.019077268,,
NB_42,0.330137355,0.106401928,0.092058016,,
NB_41,0.290013918,0.02841251,-0.055608458,,
NB_40,0.106007961,-0.02786044,-0.127010537,,
NB_4,0.528290589,0.084524141,0.19683611,,
NB_39,0.270885308,0.017007941,-0.052756032,,
NB_38,0.186077702,0.040875927,0.008986707,,
NB_37,0.17782438,0.037898252,-0.01425849,,
NB_36,0.241090669,0.007591139,-0.093501675,,
NB_35,0.380949881,0.056063362,0.022684901,,
NB_34,0.164499556,-0.034577399,-0.13483457,,
NB_33,0.446555236,0.043818655,0.019396592,,
NB_32,0.399017551,0.074337891,0.050149956,,
NB_31,0.393665608,0.083603504,0.069016428,,
NB_30,0.441351171,0.118084806,0.177100149,,
NB_3,0.134856041,-0.051174605,-0.167666727,,
NB_29,0.649961513,0.09330059,0.254114126,,
NB_28,0.452246952,0.07650321,0.091721728,,
NB_27,0.362548486,0.076364201,0.05552597,,
NB_26,0.344112231,0.062347632,0.004469932,,
NB_25,0.455580566,0.064356889,0.063815749,,
NB_24,0.562911137,0.080398282,0.157135206,,
NB_23,0.451457385,0.027855482,0.014169193,,
NB_22,0.227500753,0.01986484,-0.06470865,,
NB_21,0.240201102,0.00201829,-0.074193863,,
NB_20,0.187350007,0.049805604,0.017213189,,
NB_2,0.058738575,-0.041598449,-0.140317592,,
NB_19,0.116002388,0.010997557,-0.036845647,,
NB_18,0.220426884,0.011472233,-0.055618116,,
NB_17,0.122342952,-0.005036468,-0.075125323,,
NB_16,0.165479879,-0.0064305,-0.087937563,,
NB_15,0.393059016,0.113129379,0.110482464,,
NB_14,0.344610675,0.072958836,0.039135216,,
NB_13,0.439043643,0.051321356,0.009871674,,
NB_12,0.444462421,0.067564849,0.065187021,,
NB_11,0.321958717,0.008752179,-0.068184477,,
NB_102,0.087753564,0.05774796,0.053783063,,
NB_101,0.520650782,0.059674021,0.102211385,,
NB_100,0.223189424,0.028770077,-0.037693421,,
NB_10,0.129800068,-0.024854356,-0.105031016,,
NB_1,0.020226775,-0.022277947,-0.101516746,,
MOL_9,-0.026814507,-0.371979148,-0.075933979,,
MOL_8,-0.009958584,-0.515881962,0.122679,,
MOL_75,-0.03955514,-0.352556565,0.041859211,,
MOL_74,-0.017299116,-0.470038565,0.198112622,,
MOL_73,0.011395268,-0.477519873,0.0380641,,
MOL_72,-0.036736067,-0.47203339,0.213758178,,
MOL_71,-0.034220063,-0.3903749,0.015453177,,
MOL_70,-0.08417114,-0.435952524,0.133246421,,
MOL_7,-0.060029952,-0.316033579,0.002690824,,
MOL_69,-0.063750099,-0.409250555,0.100416873,,
MOL_68,0.041159972,-0.569154431,0.139721934,,
MOL_67,-0.007122628,-0.483158413,0.123518237,,
MOL_66,-0.081074339,-0.375030981,0.132088524,,
MOL_65,-0.03868746,-0.4285199,0.038300736,,
MOL_64,-0.169671441,-0.248537941,0.175277342,,
MOL_63,-0.049304416,-0.321193873,-0.042719207,,
MOL_62,-0.014813237,-0.487932672,0.133259442,,
MOL_61,-0.0103844,-0.48845461,0.13569365,,
MOL_60,-0.011715516,-0.506878624,0.133931214,,
MOL_6,-0.061538287,-0.517351699,0.176341531,,
MOL_59,-0.004862592,-0.424600477,-0.030244482,,
MOL_58,0.015655535,-0.421543009,-0.068280683,,
MOL_57,0.01372372,-0.532019001,0.165810813,,
MOL_56,0.023599736,-0.593514702,0.30797612,,
MOL_55,0.006389074,-0.613287981,0.287092826,,
MOL_54,-0.033178191,-0.538375813,0.305406734,,
MOL_53,-0.051112511,-0.430534704,0.092090849,,
MOL_52,0.005882122,-0.480688984,0.057072254,,
MOL_51,-0.001091661,-0.414445141,-0.017234052,,
MOL_50,-0.046926162,-0.396972199,0.049230255,,
MOL_5,-0.055783852,-0.311455151,0.028839747,,
MOL_49,-0.047217347,-0.397459886,0.063114422,,
MOL_48,-0.026457152,-0.495233489,0.108981082,,
MOL_47,0.009172977,-0.382858992,0.0099395,,
MOL_46,-0.104426695,-0.298206122,0.12286057,,
MOL_45,-0.017943903,-0.497617813,0.120231747,,
MOL_44,0.037366063,-0.559146115,0.178716324,,
MOL_43,-0.041120419,-0.421212181,0.112883551,,
MOL_42,-0.042377597,-0.368813181,0.066979022,,
MOL_41,-0.00010694,-0.616471583,0.49428154,,
MOL_40,0.003399145,-0.627396462,0.376940786,,
MOL_4,-0.023423241,-0.349216385,-0.033790775,,
MOL_39,0.000378122,-0.545415565,0.263398039,,
MOL_38,-0.005974078,-0.541206981,0.173312193,,
MOL_37,-0.012694537,-0.374437831,-0.066542704,,
MOL_36,-0.032254138,-0.316300415,-0.082050004,,
MOL_35,-0.054779482,-0.347913379,0.053818091,,
MOL_34,-0.007400862,-0.491107892,0.125826401,,
MOL_33,-0.055481396,-0.427275081,0.13666438,,
MOL_32,-0.060877934,-0.3713169,0.160454404,,
MOL_31,-0.045221541,-0.391375823,0.094084238,,
MOL_30,0.045257024,-0.554832581,0.141606062,,
MOL_3,-0.046946154,-0.349636452,-0.005430875,,
MOL_29,0.01368806,-0.478172532,0.000345463,,
MOL_28,-0.11026277,-0.374172735,0.231222212,,
MOL_27,-0.000397916,-0.452578236,0.128789369,,
MOL_26,-0.046268099,-0.489893941,0.28165523,,
MOL_25,-0.026514599,-0.35116599,-0.03944293,,
MOL_24,-0.078380158,-0.356813892,0.147179598,,
MOL_23,0.007386207,-0.419102546,0.032507497,,
MOL_22,0.004527403,-0.574619545,0.288937064,,
MOL_21,0.05728472,-0.684308064,0.341622646,,
MOL_20,0.004481655,-0.434964433,0.051097785,,
MOL_2,-0.050590549,-0.293728411,-0.084188418,,
MOL_19,-0.07036417,-0.454052534,0.262020649,,
MOL_18,-0.121001071,-0.362977725,0.201920399,,
MOL_17,-0.027463044,-0.384371573,0.017491877,,
MOL_16,-0.078092206,-0.400226102,0.162686105,,
MOL_15,-0.017025563,-0.509822419,0.181400549,,
MOL_14,-0.0731972,-0.389507232,0.134444219,,
MOL_13,-0.01984054,-0.475370641,0.148643084,,
MOL_12,-0.04093492,-0.329530237,-0.044917758,,
MOL_11,-0.148490418,-0.270851628,0.111787061,,
MOL_10,-0.013183096,-0.465768192,0.186760927,,
MOL_1,-0.049837496,-0.399289809,0.008048616,,
