Cell ID,Axis1,Axis2,Cluster,t11V1,t11V2,t13V1,t13V2
pNSC_51,0.0286194,-0.107411,pNSC,0.0322071,-0.0100558,,
aNSC_63,0.0316042,-0.0166795,aNSC,0.0318549,-0.0100425,,
pNSC_64,0.0260851,-0.109877,pNSC,0.0304999,-0.00999035,,
pNSC_55,0.0250461,-0.126644,pNSC,0.0302026,-0.00997721,,
pNSC_67,0.019396,-0.116523,pNSC,0.0252468,-0.00974401,,
aNSC_14,0.0234158,-0.033927,aNSC,0.024756,-0.00971684,,
pNSC_47,0.0166474,-0.120409,pNSC,0.0232212,-0.00963029,,
aNSC_13,0.0204033,-0.0527076,aNSC,0.0229605,-0.00961483,,
NB_1,0.0202268,-0.0222779,NB,0.0210484,-0.00949696,,
aNSC_18,0.0167166,-0.0529418,aNSC,0.0196318,-0.00940433,,
aNSC_16,0.0221531,0.0392171,aNSC,0.0187613,-0.00934418,,
pNSC_56,0.000857256,-0.103764,pNSC,0.00962159,-0.00860478,,
pNSC_81,0.00395469,-0.0566617,pNSC,0.00896346,-0.00853691,,
aNSC_3,0.000298401,0.00309373,aNSC,-0.00110601,-0.00746021,,
aNSC_69,-0.0118379,0.0229163,aNSC,-0.0161669,-0.00543133,,
aNSC_84,-0.0165216,0.0290985,aNSC,-0.0220957,-0.00448555,,
aNSC_80,-0.0221948,0.00353059,aNSC,-0.0235485,-0.00423682,,
pNSC_4,-0.0320093,-0.00826335,pNSC,-0.0310161,-0.00291108,,
pNSC_69,-0.0406795,0.00189457,pNSC,-0.0412892,-0.000885833,,
pNSC_78,-0.036947,0.0208893,pNSC,-0.0417017,-0.000795374,,
aNSC_79,-0.0371136,0.0261367,aNSC,-0.0429584,-0.000519822,,
aNSC_76,-0.0589155,0.0262033,aNSC,-0.0644413,0.00449526,,
pNSC_1,-0.0663759,-0.00215275,pNSC,-0.0646496,0.00454859,,
aNSC_54,-0.0584002,0.0362786,aNSC,-0.0665383,0.00503646,,
pNSC_12,-0.0568721,0.0467392,pNSC,-0.0679049,0.00539874,,
aNSC_33,-0.0245673,0.168933,aNSC,-0.0681905,0.00547494,,
aNSC_94,-0.0608119,0.0340637,aNSC,-0.0684249,0.00553751,,
aNSC_12,-0.0526075,0.0668763,aNSC,-0.0689406,0.00567515,,
pNSC_38,-0.066172,0.0389297,pNSC,-0.0749288,0.00729384,,
pNSC_75,-0.0831575,0.000985559,pNSC,-0.0808655,0.00896931,,
aNSC_88,-0.0567832,0.107967,aNSC,-0.0857244,0.0103945,,
pNSC_60,-0.110394,-0.0345397,pNSC,-0.0952987,0.0133368,,
pNSC_50,-0.0925537,0.0295025,pNSC,-0.097549,0.0140581,,
pNSC_65,-0.10836,0.0187864,pNSC,-0.108709,0.0177621,,
aNSC_78,-0.0825329,0.103244,aNSC,-0.111955,0.0188836,,
pNSC_8,-0.113197,0.020568,pNSC,-0.113588,0.0194566,,
aNSC_5,-0.107611,0.0396711,aNSC,-0.114641,0.0198282,,
pNSC_71,-0.12767,-0.0144597,pNSC,-0.115309,0.0200664,,
pNSC_9,-0.119017,0.0371721,pNSC,-0.124187,0.0232977,,
pNSC_73,-0.117417,0.0506922,pNSC,-0.12729,0.0244632,,
aNSC_53,-0.123303,0.0424859,aNSC,-0.129849,0.0254409,,
aNSC_4,-0.113995,0.089533,aNSC,-0.138182,0.0286982,,
pNSC_84,-0.130574,0.048855,pNSC,-0.138607,0.0288678,,
pNSC_72,-0.140426,0.0246,pNSC,-0.138697,0.0289037,,
pNSC_6,-0.139932,0.0529096,pNSC,-0.14835,0.0328539,,
pNSC_66,-0.151672,0.038214,pNSC,-0.153109,0.0348638,,
pNSC_74,-0.139575,0.0799183,pNSC,-0.158245,0.0370807,,
pNSC_35,-0.152936,0.052996,pNSC,-0.159681,0.0377108,,
pNSC_70,-0.158346,0.0710755,pNSC,-0.171257,0.0429142,,
pNSC_27,-0.156768,0.0746888,pNSC,-0.171322,0.0429442,,
pNSC_26,-0.171693,0.0514173,pNSC,-0.174877,0.0445901,,
pNSC_44,-0.179472,0.0585486,pNSC,-0.184108,0.0489721,,
pNSC_21,-0.170361,0.0805588,pNSC,-0.185356,0.0495764,,
pNSC_25,-0.181477,0.0587305,pNSC,-0.185803,0.0497927,,
aNSC_95,-0.162646,0.120218,aNSC,-0.195576,0.0546215,,
pNSC_80,-0.188441,0.0728519,pNSC,-0.197214,0.055447,,
pNSC_57,-0.194988,0.0726168,pNSC,-0.202443,0.0581114,,
pNSC_31,-0.197557,0.0791277,pNSC,-0.207236,0.0605943,,
pNSC_68,-0.199193,0.0761002,pNSC,-0.207279,0.0606167,,
pNSC_41,-0.186417,0.108464,pNSC,-0.210674,0.0623982,,
pNSC_19,-0.222261,0.10639,pNSC,-0.23866,0.0777745,,
pNSC_49,-0.223216,0.109299,pNSC,-0.240633,0.0789055,,
pNSC_11,-0.221304,0.122518,pNSC,-0.245087,0.0814712,,
pNSC_82,-0.2281,0.14641,pNSC,-0.261398,0.0911062,,
pNSC_5,-0.308776,0.16814,pNSC,-0.33071,0.13526,,
pNSC_23,-0.328978,0.185804,pNSC,-0.353029,0.150228,,
pNSC_59,-0.298047,0.238599,pNSC,-0.356376,0.152492,,
pNSC_10,-0.411062,0.287635,pNSC,-0.422571,0.197772,,
pNSC_37,-0.392,0.254287,pNSC,-0.422571,0.197772,,
MOL_21,0.0572847,-0.684308,MOL,,,0.0463184,-0.687692
MOL_40,0.00339915,-0.627396,MOL,,,0.0256108,-0.620591
MOL_41,-0.00010694,-0.616472,MOL,,,0.0222515,-0.609626
MOL_55,0.00638907,-0.613288,MOL,,,0.021918,-0.608537
MOL_56,0.0235997,-0.593515,MOL,,,0.017859,-0.59527
MOL_68,0.04116,-0.569154,MOL,,,0.0125504,-0.577908
MOL_22,0.0045274,-0.57462,MOL,,,0.0109429,-0.572655
MOL_44,0.0373661,-0.559146,MOL,,,0.0094276,-0.567707
MOL_30,0.045257,-0.554833,MOL,,,0.00890642,-0.566007
MOL_39,0.000378122,-0.545416,MOL,,,0.00238544,-0.544796
MOL_38,-0.00597408,-0.541207,MOL,,,0.000644765,-0.53916
MOL_57,0.0137237,-0.532019,MOL,,,-0.00022906,-0.536334
MOL_54,-0.0331782,-0.538376,MOL,,,-0.0025223,-0.528919
MOL_8,-0.00995858,-0.515882,MOL,,,-0.00683838,-0.514926
MOL_15,-0.0170256,-0.509822,MOL,,,-0.00914,-0.507415
MOL_60,-0.0117155,-0.506879,MOL,,,-0.00950872,-0.506206
MOL_6,-0.0615383,-0.517352,MOL,,,-0.0108032,-0.501956
MOL_45,-0.0179439,-0.497618,MOL,,,-0.0126094,-0.496003
MOL_34,-0.00740086,-0.491108,MOL,,,-0.01353,-0.492962
MOL_48,-0.0264572,-0.495233,MOL,,,-0.0139832,-0.491463
MOL_61,-0.0103844,-0.488455,MOL,,,-0.0145152,-0.489703
MOL_62,-0.0148132,-0.487933,MOL,,,-0.0150302,-0.487998
MOL_52,0.00588212,-0.480689,MOL,,,-0.0153055,-0.487086
MOL_29,0.0136881,-0.478173,MOL,,,-0.0153496,-0.48694
MOL_67,-0.00712263,-0.483158,MOL,,,-0.0157092,-0.485749
MOL_73,0.0113953,-0.47752,MOL,,,-0.0157233,-0.485703
MOL_26,-0.0462681,-0.489894,MOL,,,-0.0171099,-0.481107
MOL_13,-0.0198405,-0.475371,MOL,,,-0.0189218,-0.475094
MOL_74,-0.0172991,-0.470039,MOL,,,-0.0201823,-0.470905
MOL_10,-0.0131831,-0.465768,MOL,,,-0.0210188,-0.468123
MOL_72,-0.0367361,-0.472033,MOL,,,-0.0212406,-0.467384
MOL_27,-0.000397916,-0.452578,MOL,,,-0.0236029,-0.45951
MOL_20,0.00448166,-0.434964,MOL,,,-0.0280443,-0.444642
MOL_19,-0.0703642,-0.454053,MOL,,,-0.0289138,-0.44172
MOL_58,0.0156555,-0.421543,MOL,,,-0.0308101,-0.435328
MOL_59,-0.00486259,-0.4246,MOL,,,-0.0316413,-0.432516
MOL_23,0.00738621,-0.419103,MOL,,,-0.0321574,-0.430766
MOL_65,-0.0386875,-0.42852,MOL,,,-0.0332855,-0.426931
MOL_53,-0.0511125,-0.430535,MOL,,,-0.0337239,-0.425436
MOL_51,-0.00109166,-0.414445,MOL,,,-0.0341125,-0.424109
MOL_70,-0.0841711,-0.435953,MOL,,,-0.0348558,-0.421562
MOL_33,-0.0554814,-0.427275,MOL,,,-0.0349342,-0.421293
MOL_43,-0.0411204,-0.421212,MOL,,,-0.0354378,-0.419561
MOL_69,-0.0637501,-0.409251,MOL,,,-0.0402798,-0.402566
MOL_1,-0.0498375,-0.39929,MOL,,,-0.0418066,-0.397066
MOL_47,0.00917298,-0.382859,MOL,,,-0.0418302,-0.396981
MOL_49,-0.0472173,-0.39746,MOL,,,-0.0420862,-0.396052
MOL_50,-0.0469262,-0.396972,MOL,,,-0.0421902,-0.395673
MOL_71,-0.0342201,-0.390375,MOL,,,-0.0429842,-0.392762
MOL_31,-0.0452215,-0.391376,MOL,,,-0.0434871,-0.390907
MOL_16,-0.0780922,-0.400226,MOL,,,-0.0434965,-0.390872
MOL_17,-0.027463,-0.384372,MOL,,,-0.0440472,-0.388827
MOL_37,-0.0126945,-0.374438,MOL,,,-0.0455549,-0.38315
MOL_14,-0.0731972,-0.389507,MOL,,,-0.0457825,-0.382292
MOL_9,-0.0268145,-0.371979,MOL,,,-0.0470955,-0.377234
MOL_42,-0.0423776,-0.368813,MOL,,,-0.0488192,-0.370442
MOL_32,-0.0608779,-0.371317,MOL,,,-0.0493188,-0.36845
MOL_66,-0.0810743,-0.375031,MOL,,,-0.04962,-0.367236
MOL_28,-0.110263,-0.374173,MOL,,,-0.051376,-0.359978
MOL_25,-0.0265146,-0.351166,MOL,,,-0.0520466,-0.357158
MOL_4,-0.0234232,-0.349216,MOL,,,-0.0523189,-0.355998
MOL_75,-0.0395551,-0.352557,MOL,,,-0.0524255,-0.355543
MOL_24,-0.0783802,-0.356814,MOL,,,-0.0534375,-0.351129
MOL_3,-0.0469462,-0.349636,MOL,,,-0.0534404,-0.351117
MOL_18,-0.121001,-0.362978,MOL,,,-0.054141,-0.348017
MOL_35,-0.0547795,-0.347913,MOL,,,-0.0541935,-0.347782
MOL_12,-0.0409349,-0.32953,MOL,,,-0.0573675,-0.333053
MOL_63,-0.0493044,-0.321194,MOL,,,-0.0593596,-0.323185
MOL_36,-0.0322541,-0.3163,MOL,,,-0.0596486,-0.321726
MOL_7,-0.06003,-0.316034,MOL,,,-0.0606941,-0.316155
MOL_5,-0.0557839,-0.311455,MOL,,,-0.0613681,-0.312425
MOL_2,-0.0505905,-0.293728,MOL,,,-0.0639888,-0.29579
MOL_46,-0.104427,-0.298206,MOL,,,-0.0645606,-0.292073
MOL_11,-0.14849,-0.270852,MOL,,,-0.0680798,-0.261764
MOL_64,-0.169671,-0.248538,MOL,,,-0.0701654,-0.239728
pNSC_54,0.0156253,-0.109164,pNSC,0.0217698,-0.00954292,-0.0832122,-0.120058
pNSC_63,0.0119731,-0.108045,pNSC,0.0188664,-0.00935152,-0.0833779,-0.118555
pNSC_48,0.0291527,-0.104549,pNSC,0.0325205,-0.0100669,-0.0835524,-0.116971
pNSC_15,0.00409128,-0.106295,pNSC,0.0125391,-0.00886163,-0.0836631,-0.115967
pNSC_36,-0.0330696,-0.0654728,pNSC,,,-0.0923112,-0.0810074
pNSC_29,-0.0132221,-0.0463474,pNSC,,,-0.0940466,-0.0743892
aNSC_6,0.0150001,-0.0402781,aNSC,0.0173617,-0.00924247,-0.0940466,-0.0743892
TAP_125,0.160335,0.0309329,TAP,0.1664,0.00476444,-0.0959762,-0.069027
aNSC_66,0.0263536,-0.0217114,aNSC,0.0269488,-0.00983073,-0.0959762,-0.069027
aNSC_93,0.00690257,-0.0264316,aNSC,0.00876716,-0.00851648,-0.0968074,-0.0668967
aNSC_82,-0.0395724,-0.0413242,aNSC,,,-0.0978919,-0.0641172
aNSC_17,-0.0266985,-0.0352096,aNSC,-0.0216349,-0.00456203,-0.0978919,-0.0641172
pNSC_46,-0.0362632,-0.03669,pNSC,-0.0300286,-0.00309434,-0.0986187,-0.062351
aNSC_71,0.00898488,-0.0165682,aNSC,0.00971751,-0.00861361,-0.0986406,-0.0622977
aNSC_73,0.0136178,-0.00910215,aNSC,0.0136299,-0.00895434,-0.100002,-0.0591234
pNSC_32,-0.0539779,-0.0305394,pNSC,,,-0.102386,-0.053925
aNSC_62,0.031306,0.0163652,aNSC,0.0301418,-0.00997452,-0.104196,-0.0501772
aNSC_57,-0.0454695,-0.01638,aNSC,-0.0420362,-0.000722028,-0.105718,-0.0472028
aNSC_91,-0.0456909,-0.0145202,aNSC,-0.0426366,-0.00059038,-0.105992,-0.0466856
aNSC_58,-0.0225214,-0.00149782,aNSC,-0.0230149,-0.0043298,-0.106268,-0.0461691
qNSCII_102,-0.0885067,-0.0352794,qNSCII,,,-0.106856,-0.045067
aNSC_21,-0.0580791,-0.017288,aNSC,-0.0535398,0.00183336,-0.107311,-0.0442172
aNSC_59,-0.0160215,0.0101239,aNSC,-0.018435,-0.00507706,-0.108493,-0.0420828
qNSCII_37,-0.0886881,-0.030681,qNSCII,,,-0.108587,-0.0419155
aNSC_23,-0.0218241,0.0089892,aNSC,-0.024112,-0.00413861,-0.109002,-0.0411834
qNSCII_393,-0.0939022,-0.0324862,qNSCII,,,-0.109005,-0.0411782
pNSC_20,-0.0785314,-0.0235539,pNSC,,,-0.109042,-0.0411135
pNSC_45,-0.0763329,-0.0203193,pNSC,,,-0.109894,-0.0396342
pNSC_34,-0.0800064,-0.0216751,pNSC,,,-0.110078,-0.0393161
pNSC_24,-0.0788169,-0.0207975,pNSC,,,-0.110156,-0.0391823
qNSCII_85,-0.0950744,-0.0293651,qNSCII,-0.083578,0.00975785,-0.110522,-0.0385604
pNSC_77,-0.0685063,-0.0132158,pNSC,,,-0.110669,-0.0383134
pNSC_28,-0.0835683,-0.021816,pNSC,,,-0.11083,-0.0380435
qNSCII_131,-0.0940662,-0.0273952,qNSCII,,,-0.111124,-0.037549
pNSC_76,-0.0691244,-0.01223,pNSC,-0.0647926,0.00458543,-0.111264,-0.0373139
pNSC_61,-0.0800637,-0.0181085,pNSC,,,-0.111437,-0.0370263
qNSCII_61,-0.096487,-0.025983,qNSCII,,,-0.112255,-0.0356824
qNSCII_51,-0.0985863,-0.0272569,qNSCII,,,-0.112263,-0.0356697
aNSC_60,-0.0625194,-0.00400343,aNSC,-0.0606452,0.0035412,-0.112634,-0.0350671
qNSCII_31,-0.101769,-0.0257697,qNSCII,,,-0.113714,-0.0333438
qNSCII_49,-0.096322,-0.0215471,qNSCII,,,-0.11399,-0.0329116
pNSC_22,-0.0907337,-0.0178481,pNSC,,,-0.114038,-0.0328377
qNSCII_4,-0.102888,-0.0243044,qNSCII,,,-0.114657,-0.0318746
qNSCII_43,-0.104105,-0.0249625,qNSCII,,,-0.114714,-0.0317865
aNSC_86,-0.0283485,0.024045,aNSC,-0.033551,-0.00242363,-0.114841,-0.0315889
qNSCII_76,-0.102153,-0.0230871,qNSCII,,,-0.114946,-0.0314258
qNSCII_91,-0.100814,-0.0221938,qNSCII,,,-0.114955,-0.0314113
pNSC_7,-0.0873872,-0.0120122,pNSC,,,-0.115535,-0.030527
qNSCII_215,-0.105573,-0.0210124,qNSCII,,,-0.116792,-0.028642
pNSC_17,-0.0823763,-0.00311048,pNSC,-0.0790574,0.00845023,-0.117781,-0.027188
qNSCII_262,-0.110201,-0.0210586,qNSCII,-0.0987206,0.0144371,-0.118189,-0.0265989
qNSCII_6,-0.106807,-0.0178279,qNSCII,,,-0.1186,-0.0260071
qNSCII_107,-0.112441,-0.0214138,qNSCII,,,-0.118726,-0.0258258
qNSCII_33,-0.106287,-0.0158511,qNSCII,,,-0.11928,-0.0250379
qNSCII_253,-0.111337,-0.0171121,qNSCII,,,-0.120306,-0.023601
qNSCII_383,-0.112583,-0.017084,qNSCII,,,-0.120747,-0.0229907
pNSC_83,-0.0913878,-0.00174007,pNSC,,,-0.120752,-0.0229849
qNSCII_238,-0.112292,-0.0167212,qNSCII,,,-0.12082,-0.0228909
qNSCII_174,-0.111007,-0.0154263,qNSCII,,,-0.120993,-0.0226511
qNSCII_65,-0.104268,-0.00995744,qNSCII,,,-0.121207,-0.0223569
qNSCII_3,-0.114123,-0.0169435,qNSCII,-0.103183,0.0159021,-0.121316,-0.0222088
qNSCII_354,-0.0971108,-0.00313258,qNSCII,-0.0923046,0.0123984,-0.121881,-0.0214407
qNSCII_137,-0.114114,-0.0145933,qNSCII,,,-0.12239,-0.0207556
pNSC_16,-0.0906068,0.00447845,pNSC,-0.0885556,0.0112482,-0.123043,-0.0198841
qNSCII_126,-0.113912,-0.0119362,qNSCII,,,-0.12354,-0.019227
qNSCII_52,-0.117953,-0.0146219,qNSCII,,,-0.123702,-0.0190135
qNSCII_32,-0.10958,-0.00775643,qNSCII,,,-0.123929,-0.0187163
qNSCII_230,-0.115455,-0.0114278,qNSCII,,,-0.124297,-0.0182358
aNSC_75,-0.0977324,0.0027723,aNSC,,,-0.124523,-0.0179424
qNSCII_101,-0.112216,-0.00771988,qNSCII,,,-0.124844,-0.0175282
qNSCII_74,-0.119449,-0.010988,qNSCII,,,-0.125954,-0.0161112
qNSCII_26,-0.119563,-0.0103611,qNSCII,,,-0.126302,-0.0156687
qNSCII_298,-0.122834,-0.012843,qNSCII,,,-0.126348,-0.0156106
qNSCII_97,-0.12079,-0.0111731,qNSCII,,,-0.126377,-0.0155736
qNSCII_391,-0.123507,-0.0132979,qNSCII,,,-0.126379,-0.0155707
qNSCII_138,-0.119045,-0.00946094,qNSCII,,,-0.126513,-0.0154024
qNSCII_292,-0.118893,-0.00852754,qNSCII,,,-0.126895,-0.0149234
qNSCII_94,-0.122686,-0.00821012,qNSCII,,,-0.128503,-0.0129384
qNSCII_366,-0.118937,-0.00498708,qNSCII,,,-0.12859,-0.0128324
qNSCII_75,-0.12065,-0.00448868,qNSCII,,,-0.12946,-0.0117751
qNSCII_337,-0.121759,-0.00504473,qNSCII,,,-0.129638,-0.0115607
qNSCII_81,-0.122215,-0.00344667,qNSCII,,,-0.130567,-0.0104503
qNSCII_355,-0.125953,-0.00490747,qNSCII,,,-0.131371,-0.00950018
qNSCII_353,-0.120788,-0.000239523,qNSCII,,,-0.131488,-0.00936249
pNSC_33,-0.117307,0.00309805,pNSC,-0.111818,0.0188359,-0.13166,-0.00916118
qNSCII_220,-0.131139,-0.00840106,qNSCII,,,-0.131815,-0.00897934
qNSCII_80,-0.127414,-0.00466168,qNSCII,,,-0.132083,-0.00866721
qNSCII_128,-0.125607,-0.00266877,qNSCII,,,-0.132294,-0.0084219
qNSCII_78,-0.12447,-0.00135455,qNSCII,,,-0.132452,-0.00823816
qNSCII_69,-0.122626,0.000794955,qNSCII,,,-0.132718,-0.00793011
pNSC_2,-0.116852,0.00834407,pNSC,-0.113007,0.0192515,-0.133872,-0.00660734
qNSCII_281,-0.131718,-0.00455513,qNSCII,,,-0.13395,-0.0065193
qNSCII_375,-0.126296,0.000809966,qNSCII,,,-0.134231,-0.00619967
qNSCII_323,-0.128434,-0.000339906,qNSCII,,,-0.134584,-0.00580061
pNSC_3,-0.125818,0.00313115,pNSC,,,-0.135135,-0.0051806
qNSCII_122,-0.133174,-0.00325742,qNSCII,,,-0.13522,-0.00508537
qNSCII_322,-0.13042,-0.000518593,qNSCII,,,-0.135348,-0.00494281
pNSC_79,-0.113883,0.0145418,pNSC,-0.112318,0.0190101,-0.135453,-0.00482505
qNSCII_289,-0.133822,-0.00177461,qNSCII,,,-0.136236,-0.00395457
qNSCII_55,-0.132326,0.000148358,qNSCII,,,-0.136511,-0.00365115
qNSCII_415,-0.145709,-0.0118624,qNSCII,,,-0.13658,-0.00357461
pNSC_42,-0.120028,0.0127045,pNSC,-0.117156,0.0207277,-0.137158,-0.00293988
qNSCII_324,-0.128943,0.00489751,qNSCII,-0.122391,0.0226318,-0.137318,-0.00276482
pNSC_43,-0.11921,0.0138948,pNSC,-0.116808,0.0206032,-0.137348,-0.00273184
qNSCII_70,-0.134728,-0.000100759,qNSCII,,,-0.137462,-0.0026074
qNSCII_371,-0.132324,0.00222989,qNSCII,,,-0.137526,-0.00253848
qNSCII_348,-0.128962,0.00547,qNSCII,,,-0.137605,-0.00245226
qNSCII_56,-0.1355,9.24E-05,qNSCII,,,-0.137907,-0.00212353
qNSCII_342,-0.132197,0.00346613,qNSCII,,,-0.138066,-0.0019509
pNSC_14,-0.124915,0.010536,pNSC,-0.12071,0.0220141,-0.13823,-0.00177354
qNSCII_150,-0.133411,0.00337015,qNSCII,-0.125696,0.0238632,-0.138557,-0.00142026
qNSCII_387,-0.137968,-0.000350151,qNSCII,,,-0.138818,-0.00114074
qNSCII_8,-0.136581,0.00251591,qNSCII,,,-0.139592,-0.000311451
qNSCII_315,-0.141549,-0.00179175,qNSCII,,,-0.13977,-0.000121708
qNSCII_125,-0.138689,0.00200577,qNSCII,,,-0.140321,0.000461293
pNSC_62,-0.131489,0.00884715,pNSC,-0.125819,0.0239092,-0.140334,0.000475251
qNSCII_60,-0.138054,0.00289211,qNSCII,,,-0.140463,0.000611681
qNSCII_18,-0.141124,0.00152542,qNSCII,,,-0.141233,0.00142126
qNSCII_82,-0.142642,0.000451087,qNSCII,,,-0.141423,0.00161965
qNSCII_275,-0.140154,0.00305274,qNSCII,,,-0.141531,0.00173294
qNSCII_276,-0.13785,0.00557976,qNSCII,,,-0.141691,0.00189965
qNSCII_336,-0.136958,0.00799913,qNSCII,-0.130207,0.0255782,-0.14244,0.00267772
qNSCII_224,-0.138574,0.00654318,qNSCII,,,-0.142496,0.00273577
qNSCII_412,-0.147734,-0.00227487,qNSCII,,,-0.142533,0.00277338
qNSCI_25,-0.143343,0.0025077,qNSCI,,,-0.142793,0.00304131
qNSCII_244,-0.137201,0.00869936,qNSCII,-0.130653,0.0257497,-0.142908,0.00315998
qNSCII_200,-0.136048,0.0099727,qNSCII,-0.130075,0.0255275,-0.142985,0.00323947
qNSCII_66,-0.144961,0.00309337,qNSCII,,,-0.143879,0.00415512
qNSCII_328,-0.138804,0.00944752,qNSCII,,,-0.144028,0.004307
qNSCII_139,-0.145619,0.0028764,qNSCII,,,-0.144096,0.00437586
qNSCII_304,-0.142622,0.00667317,qNSCII,,,-0.144515,0.0048013
qNSCII_293,-0.142739,0.00690515,qNSCII,,,-0.144689,0.00497721
qNSCII_36,-0.142256,0.00822221,qNSCII,,,-0.145103,0.00539633
qNSCII_359,-0.143596,0.00813898,qNSCII,,,-0.145721,0.00601665
qNSCII_363,-0.146239,0.00551414,qNSCII,,,-0.145728,0.00602389
qNSCI_13,-0.146517,0.00556741,qNSCI,,,-0.145895,0.00619045
qNSCI_5,-0.147154,0.00524864,qNSCI,,,-0.146055,0.00635064
qNSCII_335,-0.142063,0.0105471,qNSCII,,,-0.146152,0.00644774
qNSCII_106,-0.14136,0.0112747,qNSCII,,,-0.146164,0.00645942
qNSCII_290,-0.141338,0.011806,qNSCII,,,-0.146413,0.00670803
qNSCII_239,-0.142275,0.0108672,qNSCII,,,-0.146415,0.00670917
qNSCII_226,-0.142423,0.0111533,qNSCII,,,-0.146627,0.00692017
qNSCII_72,-0.146314,0.00765349,qNSCII,,,-0.146835,0.00712681
qNSCII_347,-0.146354,0.00803741,qNSCII,,,-0.147047,0.00733679
qNSCII_381,-0.145479,0.00942612,qNSCII,,,-0.147297,0.00758417
qNSCII_247,-0.14748,0.00747459,qNSCII,,,-0.147335,0.00762134
qNSCII_63,-0.138546,0.0170308,qNSCII,-0.13454,0.0272587,-0.14758,0.00786327
pNSC_58,-0.138823,0.0178971,pNSC,-0.135075,0.0274682,-0.148127,0.00840044
qNSCII_242,-0.147351,0.00937596,qNSCII,,,-0.148219,0.00848992
qNSCII_34,-0.138974,0.0184499,qNSCII,,,-0.14847,0.00873532
qNSCII_288,-0.150297,0.00689652,qNSCII,,,-0.148485,0.00875031
qNSCII_252,-0.149848,0.00746381,qNSCII,-0.140878,0.0297805,-0.148541,0.00880463
qNSCII_115,-0.151497,0.00645906,qNSCII,,,-0.148886,0.0091417
qNSCII_130,-0.144211,0.0145493,qNSCII,,,-0.149181,0.00942853
qNSCII_321,-0.14943,0.00969248,qNSCII,,,-0.149442,0.00968087
pNSC_39,-0.135566,0.0247041,pNSC,-0.134562,0.0272674,-0.149757,0.00998586
qNSCII_64,-0.152114,0.00784213,qNSCII,,,-0.149907,0.0101308
qNSCI_12,-0.155181,0.00502705,qNSCI,,,-0.15009,0.0103069
qNSCI_11,-0.152542,0.00781293,qNSCI,,,-0.150115,0.0103306
qNSCII_89,-0.148742,0.0119027,qNSCII,,,-0.150189,0.0104022
qNSCII_21,-0.142395,0.0187708,qNSCII,-0.138412,0.0287895,-0.15032,0.0105287
qNSCII_13,-0.147304,0.0138448,qNSCII,,,-0.150406,0.0106115
qNSCII_90,-0.151255,0.0103577,qNSCII,,,-0.150722,0.010914
qNSCII_401,-0.15364,0.00883501,qNSCII,,,-0.151212,0.0113823
qNSCII_148,-0.145027,0.0178879,qNSCII,,,-0.151221,0.0113908
qNSCII_341,-0.15178,0.0108266,qNSCII,,,-0.151232,0.0114016
qNSCI_6,-0.154179,0.00837331,qNSCI,,,-0.151264,0.0114319
qNSCII_246,-0.147854,0.0151576,qNSCII,,,-0.151338,0.0115027
qNSCII_182,-0.150669,0.0123319,qNSCII,,,-0.151402,0.0115635
qNSCII_407,-0.16826,-0.00554258,qNSCII,,,-0.151722,0.0118684
qNSCII_179,-0.150441,0.0133305,qNSCII,,,-0.151779,0.0119224
qNSCII_343,-0.1493,0.0151429,qNSCII,,,-0.152081,0.0122089
qNSCII_212,-0.151216,0.0133729,qNSCII,,,-0.152206,0.0123271
qNSCII_405,-0.163967,0.000598381,qNSCII,-0.150117,0.0335955,-0.15257,0.0126709
qNSCII_358,-0.152086,0.0133867,qNSCII,,,-0.152671,0.0127664
qNSCII_62,-0.148933,0.0174183,qNSCII,,,-0.153005,0.0130808
qNSCII_79,-0.154501,0.0119967,qNSCII,,,-0.153259,0.0133198
qNSCII_171,-0.149752,0.0174229,qNSCII,,,-0.153442,0.0134917
qNSCII_222,-0.156952,0.00985123,qNSCII,,,-0.153496,0.0135419
qNSCII_170,-0.153033,0.0145826,qNSCII,,,-0.153767,0.0137956
qNSCII_334,-0.156437,0.01096,qNSCII,,,-0.15378,0.0138074
qNSCII_155,-0.15605,0.011408,qNSCII,,,-0.153796,0.0138227
qNSCII_269,-0.151276,0.016785,qNSCII,,,-0.153927,0.0139447
qNSCII_16,-0.150896,0.0174818,qNSCII,-0.145118,0.0315119,-0.154071,0.0140793
qNSCII_285,-0.153673,0.0146082,qNSCII,,,-0.154122,0.0141271
qNSCII_160,-0.152099,0.0173363,qNSCII,-0.146058,0.0318994,-0.154636,0.0146053
qNSCII_302,-0.15423,0.0152294,qNSCII,,,-0.154729,0.0146913
qNSCII_365,-0.146913,0.0234843,qNSCII,-0.14384,0.0309857,-0.154909,0.0148584
qNSCII_143,-0.150902,0.0201602,qNSCII,,,-0.155388,0.0153012
qNSCII_297,-0.151254,0.0201668,qNSCII,-0.146339,0.0320158,-0.155579,0.0154774
qNSCII_339,-0.157664,0.0132633,qNSCII,,,-0.155602,0.015499
qNSCII_250,-0.159265,0.0121221,qNSCII,,,-0.155904,0.0157767
qNSCII_237,-0.143809,0.0295853,qNSCII,-0.143323,0.0307744,-0.156215,0.0160628
qNSCII_84,-0.158162,0.0147113,qNSCII,,,-0.156601,0.0164163
qNSCII_260,-0.158902,0.0139967,qNSCII,,,-0.156648,0.0164595
qNSCII_45,-0.151424,0.0226632,qNSCII,,,-0.156879,0.0166704
qNSCII_245,-0.15868,0.0150932,qNSCII,,,-0.157079,0.016852
qNSCII_243,-0.1562,0.0181608,qNSCII,,,-0.15725,0.0170076
qNSCII_104,-0.158717,0.0155714,qNSCII,,,-0.157337,0.0170875
qNSCII_330,-0.15654,0.0182679,qNSCII,,,-0.157489,0.0172253
qNSCII_53,-0.160019,0.0145081,qNSCII,,,-0.15752,0.0172536
qNSCII_166,-0.152507,0.0228625,qNSCII,,,-0.157571,0.0172999
qNSCII_249,-0.159709,0.0161218,qNSCII,,,-0.158161,0.0178344
qNSCII_88,-0.153747,0.0246135,qNSCII,,,-0.159086,0.0186693
qNSCII_219,-0.15942,0.0206775,qNSCII,-0.153297,0.0349445,-0.160268,0.0197273
pNSC_53,-0.150577,0.030927,pNSC,-0.149556,0.0333599,-0.160433,0.0198746
qNSCII_57,-0.159226,0.0219379,qNSCII,,,-0.160783,0.0201863
qNSCII_211,-0.16025,0.0209126,qNSCII,,,-0.160846,0.0202422
qNSCII_193,-0.1603,0.0208792,qNSCII,,,-0.160857,0.0202522
qNSCII_380,-0.162324,0.0189003,qNSCII,,,-0.161007,0.020385
qNSCII_314,-0.16378,0.0175967,qNSCII,,,-0.161178,0.0205371
qNSCII_367,-0.158235,0.0243583,qNSCII,,,-0.161424,0.0207545
qNSCI_9,-0.169857,0.0122751,qNSCI,,,-0.161961,0.0212286
qNSCII_121,-0.16346,0.0205011,qNSCII,,,-0.162445,0.021655
qNSCII_296,-0.161354,0.0231115,qNSCII,,,-0.162551,0.0217486
qNSCII_272,-0.164715,0.0194298,qNSCII,,,-0.162624,0.0218128
qNSCII_158,-0.160689,0.0251348,qNSCII,,,-0.163173,0.0222933
qNSCII_225,-0.166863,0.0191253,qNSCII,,,-0.1637,0.0227536
qNSCII_175,-0.167127,0.0188809,qNSCII,,,-0.163729,0.0227788
qNSCII_349,-0.160826,0.0262175,qNSCII,,,-0.163781,0.0228244
qNSCI_34,-0.172538,0.0133156,qNSCI,-0.161433,0.0384838,-0.164051,0.0230598
qNSCII_135,-0.165115,0.0219166,qNSCII,,,-0.164091,0.0230941
qNSCII_251,-0.155971,0.0325217,qNSCII,-0.154677,0.0355366,-0.164137,0.0231341
qNSCII_54,-0.166454,0.0209415,qNSCII,,,-0.164372,0.0233386
qNSCII_356,-0.164522,0.0237162,qNSCII,-0.158608,0.0372392,-0.164644,0.0235749
qNSCII_83,-0.161951,0.027571,qNSCII,,,-0.16508,0.0239521
qNSCII_159,-0.167851,0.0210015,qNSCII,,,-0.165205,0.0240604
qNSCII_167,-0.155742,0.0351043,qNSCII,-0.15542,0.0358553,-0.165255,0.0241032
qNSCII_58,-0.162491,0.0274496,qNSCII,-0.158286,0.0370986,-0.165329,0.0241674
qNSCII_23,-0.161065,0.0297351,qNSCII,,,-0.165636,0.0244324
qNSCII_98,-0.170741,0.0187774,qNSCII,,,-0.165771,0.0245487
qNSCII_44,-0.163802,0.0275701,qNSCII,,,-0.166132,0.0248587
qNSCII_105,-0.167377,0.0237495,qNSCII,-0.160967,0.0382782,-0.1663,0.0250035
qNSCII_310,-0.170779,0.0214494,qNSCII,,,-0.167133,0.0257166
qNSCII_271,-0.170876,0.0217422,qNSCII,,,-0.167335,0.0258895
qNSCII_345,-0.167834,0.025674,qNSCII,,,-0.167518,0.0260452
qNSCII_267,-0.167658,0.0259172,qNSCII,,,-0.167536,0.0260606
qNSCII_270,-0.170779,0.0234459,qNSCII,,,-0.16813,0.0265664
qNSCII_59,-0.172375,0.0216504,qNSCII,,,-0.168171,0.0266016
qNSCII_326,-0.163638,0.0330153,qNSCII,-0.161259,0.0384071,-0.168694,0.0270451
qNSCII_368,-0.171653,0.0239731,qNSCII,,,-0.168902,0.0272211
qNSCI_4,-0.175294,0.0199251,qNSCI,,,-0.169032,0.027331
qNSCII_109,-0.175071,0.0203326,qNSCII,,,-0.169105,0.0273925
pNSC_18,-0.154404,0.0452287,pNSC,-0.158001,0.0369746,-0.169305,0.0275613
qNSCII_232,-0.175322,0.0212001,qNSCII,,,-0.16969,0.0278862
qNSCII_236,-0.168047,0.0300413,qNSCII,,,-0.169791,0.0279713
qNSCII_217,-0.174342,0.023334,qNSCII,,,-0.170176,0.0282955
qNSCII_165,-0.172828,0.0262648,qNSCII,,,-0.170734,0.0287637
qNSCII_256,-0.1715,0.0279991,qNSCII,,,-0.170808,0.0288255
qNSCII_172,-0.173959,0.0252627,qNSCII,,,-0.170908,0.028909
qNSCII_169,-0.169835,0.0304448,qNSCII,,,-0.171033,0.0290136
qNSCII_307,-0.175925,0.0232231,qNSCII,,,-0.171061,0.0290369
qNSCII_27,-0.173532,0.0277604,qNSCII,,,-0.171891,0.0297297
qNSCII_235,-0.171499,0.0310719,qNSCII,-0.167005,0.0409741,-0.172319,0.0300859
qNSCII_268,-0.174138,0.0280931,qNSCII,,,-0.172416,0.0301668
qNSCII_153,-0.173689,0.0287208,qNSCII,,,-0.172459,0.0302021
qNSCII_360,-0.16578,0.0386753,qNSCII,-0.165127,0.0401278,-0.172658,0.030368
qNSCII_255,-0.173994,0.0292624,qNSCII,,,-0.172908,0.0305744
qNSCII_14,-0.173272,0.0306053,qNSCII,,,-0.173139,0.030766
qNSCII_309,-0.177352,0.025872,qNSCII,,,-0.173235,0.0308451
qNSCII_163,-0.175782,0.029352,qNSCII,,,-0.174019,0.031493
qNSCII_406,-0.202574,-0.00309315,qNSCII,-0.179046,0.0465506,-0.174066,0.0315313
qNSCII_312,-0.17334,0.0326886,qNSCII,-0.169104,0.0419272,-0.174201,0.0316427
qNSCII_173,-0.179063,0.0262724,qNSCII,-0.171402,0.0429809,-0.174464,0.0318587
qNSCII_216,-0.180119,0.0269261,qNSCII,,,-0.175431,0.0326528
qNSCII_103,-0.180676,0.0263581,qNSCII,,,-0.175486,0.0326977
qNSCII_93,-0.182893,0.0238492,qNSCII,,,-0.175587,0.0327807
qNSCII_86,-0.181989,0.0271709,qNSCII,,,-0.176684,0.0336756
qNSCII_286,-0.182216,0.0276498,qNSCII,-0.174442,0.0443878,-0.177065,0.0339858
qNSCII_156,-0.180574,0.0300598,qNSCII,,,-0.177259,0.0341438
qNSCII_154,-0.180564,0.0305731,qNSCII,,,-0.177506,0.0343436
qNSCII_99,-0.179317,0.0323738,qNSCII,,,-0.177635,0.0344486
qNSCII_329,-0.180503,0.0332348,qNSCII,-0.17513,0.0447085,-0.178778,0.0353729
qNSCII_123,-0.184526,0.0290051,qNSCII,,,-0.179157,0.0356781
qNSCII_100,-0.176606,0.0389523,qNSCII,-0.174146,0.0442501,-0.179208,0.0357192
qNSCII_305,-0.179357,0.0359845,qNSCII,,,-0.179428,0.0358965
pNSC_30,-0.176761,0.0394903,pNSC,-0.174479,0.0444049,-0.179565,0.0360065
qNSCI_26,-0.186261,0.0278505,qNSCI,,,-0.179646,0.0360718
qNSCII_192,-0.181118,0.0346446,qNSCII,,,-0.179845,0.0362317
qNSCII_9,-0.186918,0.0278345,qNSCII,,,-0.180049,0.0363954
qNSCII_333,-0.183307,0.0328128,qNSCII,,,-0.180282,0.0365824
qNSCII_392,-0.187277,0.0284784,qNSCII,,,-0.180598,0.0368352
qNSCII_316,-0.180922,0.0373645,qNSCII,-0.177036,0.0456017,-0.181054,0.0371999
qNSCII_181,-0.172347,0.048149,qNSCII,-0.174156,0.0442548,-0.181081,0.0372217
qNSCII_190,-0.181607,0.0365752,qNSCII,-0.17729,0.045722,-0.181086,0.0372258
qNSCII_207,-0.187399,0.0305537,qNSCII,,,-0.181693,0.0377105
qNSCII_149,-0.187053,0.0327146,qNSCII,,,-0.182545,0.0383887
qNSCII_48,-0.18811,0.0335343,qNSCII,-0.181379,0.0476616,-0.183604,0.0392282
qNSCII_331,-0.188232,0.0334218,qNSCII,-0.181435,0.0476884,-0.183625,0.0392445
qNSCII_303,-0.191028,0.0302542,qNSCII,,,-0.183803,0.0393852
qNSCII_332,-0.187199,0.0358625,qNSCII,-0.181541,0.0477388,-0.184183,0.0396861
qNSCII_2,-0.189462,0.0335664,qNSCII,,,-0.184462,0.0399057
qNSCII_221,-0.183997,0.041276,qNSCII,,,-0.184842,0.0402053
qNSCII_257,-0.192163,0.0315741,qNSCII,,,-0.185168,0.0404623
qNSCII_280,-0.191645,0.0325873,qNSCII,,,-0.185345,0.0406018
qNSCII_308,-0.19162,0.0342488,qNSCII,,,-0.186143,0.0412287
qNSCII_152,-0.186591,0.0426428,qNSCII,,,-0.187107,0.0419829
qNSCII_295,-0.194428,0.032805,qNSCII,,,-0.1872,0.0420554
qNSCII_301,-0.191351,0.0369733,qNSCII,-0.185271,0.0495353,-0.187314,0.0421445
qNSCII_119,-0.194995,0.0336086,qNSCII,,,-0.187955,0.0426449
qNSCII_157,-0.191437,0.0389362,qNSCII,-0.186091,0.0499326,-0.188324,0.0429325
qNSCII_147,-0.194317,0.0352418,qNSCII,,,-0.188325,0.0429329
qNSCII_95,-0.18951,0.0419411,qNSCII,,,-0.188582,0.0431334
qNSCII_183,-0.197071,0.0335155,qNSCII,,,-0.189223,0.043631
qNSCI_3,-0.193608,0.0384677,qNSCI,,,-0.18946,0.0438147
qNSCII_266,-0.194325,0.0381113,qNSCII,,,-0.18974,0.0440326
qNSCII_291,-0.195475,0.037009,qNSCII,,,-0.189926,0.0441763
qNSCII_223,-0.199797,0.0329236,qNSCII,,,-0.190662,0.0447459
qNSCII_403,-0.194018,0.0410771,qNSCII,,,-0.190991,0.0449997
qNSCII_374,-0.192622,0.0434464,qNSCII,,,-0.191262,0.0452091
qNSCII_178,-0.196848,0.0392655,qNSCII,,,-0.191895,0.0456967
qNSCII_284,-0.188266,0.0518647,qNSCII,-0.188609,0.0511659,-0.192595,0.0462348
qNSCII_351,-0.191915,0.0476227,qNSCII,,,-0.192837,0.0464215
qNSCII_361,-0.199038,0.0384034,qNSCII,,,-0.192866,0.0464432
qNSCII_369,-0.193786,0.0454944,qNSCII,,,-0.192986,0.0465357
qNSCII_313,-0.199171,0.038579,qNSCII,,,-0.193034,0.0465724
qNSCII_376,-0.185173,0.0571483,qNSCII,-0.188202,0.0509668,-0.193187,0.04669
qNSCII_273,-0.197839,0.0409836,qNSCII,,,-0.193363,0.0468243
qNSCII_145,-0.187437,0.0554422,qNSCII,,,-0.19379,0.047152
qNSCII_386,-0.199766,0.0403834,qNSCII,,,-0.194293,0.0475371
qNSCII_118,-0.199873,0.041673,qNSCII,-0.193836,0.0537503,-0.194991,0.0480699
qNSCII_317,-0.200009,0.0421636,qNSCII,,,-0.195313,0.048316
qNSCII_240,-0.200355,0.0436501,qNSCII,,,-0.196256,0.0490338
qNSCII_282,-0.20448,0.0389485,qNSCII,,,-0.196609,0.0493029
qNSCII_146,-0.196089,0.0504424,qNSCII,-0.194316,0.0539902,-0.196828,0.0494689
qNSCII_261,-0.199063,0.0465572,qNSCII,,,-0.196844,0.0494815
qNSCII_116,-0.190129,0.0585809,qNSCII,-0.192792,0.0532294,-0.196964,0.0495724
qNSCII_189,-0.198941,0.0483051,qNSCII,,,-0.197609,0.0500615
qNSCII_277,-0.195123,0.0534953,qNSCII,-0.194764,0.0542143,-0.197685,0.0501193
qNSCII_198,-0.196878,0.0513717,qNSCII,-0.195313,0.0544896,-0.197776,0.0501884
qNSCII_318,-0.202717,0.0453941,qNSCII,,,-0.198612,0.0508215
qNSCII_279,-0.196941,0.0531801,qNSCII,,,-0.198684,0.0508756
qNSCII_394,-0.204147,0.0437542,qNSCII,-0.198008,0.0558493,-0.198732,0.0509124
qNSCII_187,-0.205206,0.043108,qNSCII,,,-0.199101,0.0511914
qNSCII_352,-0.205722,0.0446737,qNSCII,-0.199631,0.0566735,-0.20019,0.0520127
qNSCII_162,-0.208451,0.0414551,qNSCII,,,-0.200383,0.0521581
qNSCI_19,-0.20685,0.0439323,qNSCI,,,-0.200553,0.0522864
qNSCII_248,-0.205207,0.0477648,qNSCII,,,-0.201353,0.0528885
qNSCII_199,-0.209583,0.0429256,qNSCII,,,-0.201833,0.0532488
qNSCII_204,-0.201418,0.0538312,qNSCII,,,-0.201847,0.0532596
qNSCII_176,-0.210188,0.0447311,qNSCII,,,-0.203102,0.0542005
qNSCII_320,-0.208797,0.0466145,qNSCII,-0.202774,0.0582817,-0.203113,0.0542094
qNSCII_364,-0.205797,0.0508214,qNSCII,-0.202136,0.0579537,-0.203209,0.0542806
qNSCII_350,-0.212251,0.0433139,qNSCII,-0.204156,0.0589951,-0.203744,0.0546815
qNSCII_188,-0.203263,0.0579025,qNSCII,-0.203005,0.0584012,-0.204978,0.0556034
qNSCII_185,-0.207956,0.052415,qNSCII,-0.204474,0.0591595,-0.205363,0.0558909
qNSCII_133,-0.205923,0.0575305,qNSCII,-0.204954,0.0594073,-0.206508,0.0567443
qNSCII_404,-0.226476,0.0303929,qNSCII,,,-0.206745,0.0569204
qNSCII_194,-0.212542,0.0493313,qNSCII,,,-0.206843,0.056993
qNSCII_389,-0.216576,0.0442547,qNSCII,,,-0.207009,0.057117
qNSCII_327,-0.212472,0.0523796,qNSCII,,,-0.208264,0.0580489
qNSCI_22,-0.217998,0.0456998,qNSCI,,,-0.208633,0.0583229
qNSCII_17,-0.214296,0.0512764,qNSCII,-0.208943,0.061487,-0.208916,0.0585329
qNSCII_168,-0.215055,0.050308,qNSCII,,,-0.208943,0.0585526
qNSCII_73,-0.211446,0.0552953,qNSCII,-0.208363,0.0611828,-0.209001,0.0585954
qNSCI_20,-0.22183,0.0423902,qNSCI,-0.211159,0.0626538,-0.209535,0.058991
qNSCII_77,-0.213996,0.0530542,qNSCII,,,-0.209576,0.0590217
qNSCII_372,-0.217355,0.0485916,qNSCII,,,-0.209611,0.0590476
qNSCI_30,-0.214763,0.0532514,qNSCI,,,-0.210168,0.0594597
qNSCII_411,-0.233362,0.0284621,qNSCII,,,-0.210339,0.0595868
qNSCII_25,-0.215347,0.0535192,qNSCII,-0.210672,0.0623974,-0.210677,0.059836
pNSC_13,-0.205688,0.0672687,pNSC,-0.208767,0.0613945,-0.211001,0.060076
qNSCII_258,-0.219386,0.049154,qNSCII,,,-0.211206,0.060227
qNSCII_195,-0.220971,0.0472631,qNSCII,,,-0.211327,0.0603168
qNSCII_184,-0.210342,0.062608,qNSCII,-0.210501,0.0623071,-0.211785,0.0606546
qNSCII_134,-0.216542,0.0546803,qNSCII,,,-0.212013,0.0608232
qNSCII_346,-0.220649,0.0504446,qNSCII,-0.213511,0.0639009,-0.212651,0.0612932
qNSCII_120,-0.21781,0.0543223,qNSCII,,,-0.212664,0.0613026
qNSCII_283,-0.222601,0.0480665,qNSCII,,,-0.212779,0.0613881
qNSCII_144,-0.215602,0.0583855,qNSCII,,,-0.213174,0.0616791
qNSCII_294,-0.216156,0.0579405,qNSCII,,,-0.21332,0.0617867
qNSCII_132,-0.218439,0.055963,qNSCII,,,-0.21386,0.0621841
qNSCII_233,-0.223255,0.0501245,qNSCII,,,-0.214196,0.0624313
qNSCII_254,-0.216465,0.0627619,qNSCII,,,-0.215827,0.0636304
qNSCI_27,-0.226669,0.0504566,qNSCI,,,-0.216592,0.0641922
qNSCII_124,-0.221453,0.0577057,qNSCII,,,-0.216659,0.0642409
qNSCII_30,-0.227693,0.0493476,qNSCII,,,-0.216729,0.0642926
qNSCII_231,-0.215319,0.0663468,qNSCII,-0.215935,0.0651947,-0.216792,0.0643385
qNSCI_24,-0.219488,0.0607233,qNSCI,-0.216825,0.0656734,-0.216821,0.0643596
qNSCII_10,-0.223699,0.0562009,qNSCII,-0.218204,0.0664151,-0.217405,0.064788
qNSCII_414,-0.23489,0.0412134,qNSCII,-0.22054,0.0676798,-0.217545,0.0648909
qNSCII_390,-0.213302,0.0718571,qNSCII,-0.216673,0.0655912,-0.218105,0.0653006
qNSCII_278,-0.224405,0.0574243,qNSCII,,,-0.218452,0.0655552
qNSCII_264,-0.223457,0.0590407,qNSCII,,,-0.218606,0.0656674
qNSCII_205,-0.229275,0.0514123,qNSCII,,,-0.21876,0.0657804
qNSCII_409,-0.231067,0.0500133,qNSCII,-0.221225,0.0680522,-0.219268,0.0661519
qNSCII_87,-0.226085,0.0577362,qNSCII,-0.220646,0.0677369,-0.2197,0.0664682
qNSCII_344,-0.229438,0.0535016,qNSCII,,,-0.219868,0.066591
qNSCII_241,-0.222249,0.0651648,qNSCII,-0.220804,0.0678227,-0.220741,0.067229
qNSCI_18,-0.230938,0.0539055,qNSCI,-0.222763,0.0688908,-0.221049,0.0674539
qNSCII_177,-0.224545,0.0634847,qNSCII,,,-0.22144,0.0677389
qNSCII_287,-0.229369,0.0572058,qNSCII,,,-0.221597,0.0678537
qNSCII_384,-0.226625,0.0632623,qNSCII,-0.223358,0.0692171,-0.222694,0.0686537
qNSCII_29,-0.228844,0.0606614,qNSCII,,,-0.222907,0.0688091
qNSCII_111,-0.232563,0.0562503,qNSCII,-0.224965,0.0700988,-0.223236,0.069049
qNSCI_17,-0.23778,0.0519473,qNSCI,-0.227087,0.0712728,-0.224607,0.0700472
qNSCII_340,-0.23342,0.0581952,qNSCII,,,-0.224729,0.0701361
qNSCII_214,-0.224534,0.0711842,qNSCII,-0.225095,0.0701702,-0.2251,0.0704062
qNSCII_110,-0.231718,0.0639206,qNSCII,,,-0.226345,0.071312
qNSCI_8,-0.239179,0.0574102,qNSCI,,,-0.228138,0.0726144
qNSCII_300,-0.240177,0.0600668,qNSCII,,,-0.230063,0.0740114
qNSCII_41,-0.235047,0.0685771,qNSCII,,,-0.230748,0.0745082
qNSCII_161,-0.229874,0.0757964,qNSCII,-0.231144,0.0735281,-0.230787,0.0745367
qNSCII_39,-0.234355,0.0703373,qNSCII,-0.232229,0.0741354,-0.23113,0.0747855
qNSCII_319,-0.235384,0.0700635,qNSCII,,,-0.231676,0.0751809
qNSCII_136,-0.234314,0.0719891,qNSCII,,,-0.23189,0.0753357
qNSCI_28,-0.243435,0.0597467,qNSCI,-0.234567,0.0754516,-0.232055,0.0754557
qNSCII_413,-0.244121,0.0602392,qNSCII,-0.235275,0.0758516,-0.232742,0.0759532
qNSCII_218,-0.24297,0.0639908,qNSCII,-0.236013,0.0762695,-0.233772,0.076699
qNSCII_265,-0.241772,0.0657178,qNSCII,-0.235847,0.0761756,-0.233806,0.0767239
qNSCI_33,-0.244924,0.0626555,qNSCI,,,-0.23442,0.0771681
qNSCII_11,-0.240408,0.0695248,qNSCII,,,-0.23472,0.0773852
qNSCII_402,-0.234617,0.0782213,qNSCII,-0.235794,0.0761453,-0.23505,0.0776237
qNSCII_127,-0.239293,0.0733387,qNSCII,-0.237233,0.076962,-0.235801,0.0781671
qNSCII_234,-0.246704,0.0631639,qNSCII,,,-0.235835,0.0781918
qNSCII_1,-0.232907,0.0827114,qNSCII,,,-0.236059,0.0783536
qNSCII_117,-0.243394,0.0701845,qNSCII,-0.238949,0.0779405,-0.236996,0.079031
qNSCII_96,-0.245813,0.0673048,qNSCII,-0.239528,0.0782721,-0.23722,0.0791931
qNSCII_196,-0.248646,0.0682241,qNSCII,,,-0.23952,0.0808557
qNSCII_191,-0.246245,0.0737045,qNSCII,,,-0.240546,0.0815967
qNSCI_35,-0.251247,0.0686188,qNSCI,-0.244138,0.0809218,-0.24142,0.0822276
qNSCII_142,-0.245119,0.0788993,qNSCII,,,-0.242272,0.082843
qNSCII_274,-0.253152,0.0687834,qNSCII,,,-0.242752,0.0831893
qNSCII_186,-0.251102,0.0748222,qNSCII,,,-0.244272,0.0842866
qNSCII_108,-0.247692,0.0801661,qNSCII,-0.246466,0.0822729,-0.244566,0.0844984
qNSCII_213,-0.245304,0.0846175,qNSCII,-0.246618,0.0823614,-0.245108,0.0848897
qNSCII_395,-0.24566,0.0859248,qNSCII,-0.247452,0.0828468,-0.245962,0.085506
qNSCII_42,-0.241937,0.0915155,qNSCII,-0.247102,0.082643,-0.246166,0.0856532
qNSCII_311,-0.257599,0.073818,qNSCII,-0.25106,0.084959,-0.24807,0.0870265
qNSCII_35,-0.250343,0.0840474,qNSCII,-0.250129,0.0844122,-0.248151,0.0870852
qNSCII_208,-0.258459,0.0780097,qNSCII,-0.253502,0.0863975,-0.250625,0.0888699
qNSCII_92,-0.258181,0.0803121,qNSCII,,,-0.251534,0.0895257
qNSCII_306,-0.262004,0.0758982,qNSCII,-0.255185,0.0873955,-0.251954,0.0898287
qNSCII_206,-0.260014,0.0787444,qNSCII,,,-0.251996,0.0898589
qNSCII_228,-0.256525,0.083894,qNSCII,-0.25464,0.0870721,-0.252144,0.0899659
qNSCII_362,-0.258971,0.0806325,qNSCII,,,-0.252206,0.0900105
qNSCI_15,-0.261798,0.0769362,qNSCI,-0.255488,0.0875752,-0.252311,0.0900863
qNSCII_24,-0.261782,0.0781704,qNSCII,,,-0.252886,0.090501
qNSCII_203,-0.258347,0.0834541,qNSCII,,,-0.253134,0.0906797
qNSCII_67,-0.260755,0.0805016,qNSCII,,,-0.253317,0.0908119
qNSCII_20,-0.259141,0.0843921,qNSCII,,,-0.254101,0.0913777
qNSCI_16,-0.266919,0.0748263,qNSCI,-0.258307,0.0892541,-0.254677,0.0917933
qNSCII_164,-0.262997,0.0821718,qNSCII,,,-0.255583,0.0924465
qNSCII_370,-0.259159,0.0877212,qNSCII,-0.258261,0.0892264,-0.255692,0.0925256
qNSCII_40,-0.262832,0.086449,qNSCII,,,-0.257503,0.0938323
qNSCII_229,-0.264677,0.0839915,qNSCII,,,-0.25755,0.093866
qNSCII_398,-0.265143,0.0867708,qNSCII,-0.262231,0.0916079,-0.259175,0.0950393
qNSCI_10,-0.270413,0.0847476,qNSCI,,,-0.261676,0.0968445
qNSCII_400,-0.267962,0.089723,qNSCII,-0.265588,0.0936351,-0.262427,0.0973872
qNSCII_382,-0.263767,0.0974862,qNSCII,-0.265965,0.0938639,-0.263354,0.0980571
qNSCII_259,-0.271146,0.0879551,qNSCII,-0.267113,0.0945619,-0.263679,0.0982915
qNSCII_28,-0.267715,0.0965731,qNSCII,-0.268446,0.0953758,-0.265514,0.0996179
qNSCII_114,-0.274205,0.0893366,qNSCII,,,-0.266342,0.100216
qNSCII_379,-0.276754,0.0923905,qNSCII,-0.273148,0.098254,-0.269462,0.102472
qNSCII_71,-0.272526,0.104211,qNSCII,,,-0.272299,0.104525
qNSCII_15,-0.268824,0.112157,qNSCII,-0.276239,0.100161,-0.273645,0.1055
qNSCII_47,-0.279403,0.100345,qNSCII,-0.278601,0.101628,-0.274969,0.106459
qNSCII_197,-0.281337,0.0989349,qNSCII,-0.279358,0.102101,-0.275566,0.106892
qNSCI_32,-0.283057,0.0967516,qNSCI,,,-0.275656,0.106957
qNSCII_408,-0.293389,0.0837307,qNSCII,,,-0.276239,0.10738
qNSCII_377,-0.286797,0.0940594,qNSCII,,,-0.276828,0.107807
qNSCII_22,-0.288735,0.102503,qNSCII,,,-0.282103,0.111635
qNSCI_14,-0.294142,0.0970574,qNSCI,,,-0.283048,0.112321
qNSCII_227,-0.281472,0.117247,qNSCII,-0.287719,0.107334,-0.28436,0.113275
qNSCI_21,-0.293049,0.10234,qNSCI,-0.289273,0.108316,-0.284842,0.113626
qNSCII_299,-0.292856,0.106241,qNSCII,-0.29089,0.109341,-0.286569,0.114882
qNSCII_12,-0.296333,0.102416,qNSCII,-0.291638,0.109815,-0.287022,0.115212
qNSCII_357,-0.29107,0.115468,qNSCII,-0.293799,0.11119,-0.289789,0.117227
qNSCII_210,-0.296674,0.108066,qNSCII,-0.294426,0.11159,-0.289928,0.117328
qNSCII_410,-0.318264,0.0827409,qNSCII,-0.298204,0.114004,-0.291963,0.118812
qNSCII_112,-0.295042,0.120485,qNSCII,-0.29891,0.114457,-0.294769,0.120859
pNSC_52,-0.287876,0.131766,pNSC,-0.298961,0.11449,-0.295468,0.121369
qNSCI_23,-0.308288,0.104169,qNSCI,,,-0.295637,0.121493
qNSCII_201,-0.290928,0.133292,qNSCII,-0.301851,0.116349,-0.298191,0.123359
qNSCII_202,-0.303462,0.117644,qNSCII,,,-0.298902,0.123879
qNSCII_38,-0.298901,0.129721,qNSCII,-0.305878,0.118948,-0.301686,0.125917
pNSC_40,-0.28887,0.151249,pNSC,-0.308676,0.120764,-0.305441,0.128669
qNSCII_385,-0.312838,0.119455,qNSCII,,,-0.305854,0.128972
qNSCII_141,-0.311005,0.122067,qNSCII,-0.310907,0.122217,-0.305908,0.129012
qNSCII_151,-0.3192,0.122363,qNSCII,-0.316767,0.126051,-0.31136,0.133016
qNSCII_50,-0.324452,0.130034,qNSCII,,,-0.318419,0.138213
qNSCII_5,-0.326098,0.129792,qNSCII,,,-0.319369,0.138914
qNSCII_396,-0.329751,0.12828,qNSCII,,,-0.321003,0.140121
qNSCII_140,-0.335008,0.13242,qNSCII,,,-0.32637,0.144089
qNSCI_2,-0.338147,0.135217,qNSCI,,,-0.329726,0.146575
qNSCII_263,-0.340622,0.140776,qNSCII,-0.340111,0.141535,-0.333975,0.149727
qNSCI_7,-0.344351,0.141314,qNSCI,,,-0.336631,0.1517
qNSCI_1,-0.346643,0.143719,qNSCI,,,-0.339252,0.153649
qNSCII_68,-0.344534,0.148682,qNSCII,,,-0.340268,0.154406
qNSCII_46,-0.349963,0.143611,qNSCII,,,-0.341327,0.155195
qNSCII_19,-0.354678,0.153057,qNSCII,,,-0.348874,0.160823
qNSCII_397,-0.352438,0.158509,qNSCII,,,-0.350051,0.161703
qNSCII_113,-0.34007,0.185831,qNSCII,-0.360706,0.155426,-0.355229,0.165574
qNSCI_29,-0.366466,0.15551,qNSCI,,,-0.357594,0.167345
qNSCII_209,-0.357429,0.168291,qNSCII,-0.364453,0.15797,-0.357942,0.167606
qNSCII_7,-0.352725,0.194268,qNSCII,-0.373405,0.164063,-0.367419,0.174713
qNSCII_129,-0.375635,0.18183,qNSCII,,,-0.376088,0.181228
qNSCII_388,-0.381882,0.183063,qNSCII,,,-0.380667,0.184675
qNSCII_399,-0.382068,0.217879,qNSCII,-0.404389,0.185277,-0.397544,0.197402
qNSCII_180,-0.396323,0.238387,qNSCII,-0.422571,0.197772,-0.416491,0.211722
qNSCII_373,-0.414397,0.21853,qNSCII,-0.422571,0.197772,-0.418435,0.213192
qNSCII_378,-0.423704,0.213721,qNSCII,,,-0.42204,0.215919
qNSCII_338,-0.423564,0.226029,qNSCII,,,-0.427874,0.220334
qNSCI_31,-0.42687,0.223115,qNSCI,,,-0.428575,0.220865
qNSCII_325,-0.510071,0.29612,qNSCII,,,-0.516566,0.287549
Ascale1,-0.6,0.35,Ascale,,,,
AScale2,0.75,0.2,Ascale,,,,
AScale3,0.075,-0.75,Ascale,,,,
TAP_127,0.6994,0.14544,TAP,0.704041,0.112104,,
TAP_150,0.69413,0.13139,TAP,0.696953,0.111117,,
TAP_135,0.679412,0.116891,TAP,0.680534,0.108832,,
TAP_139,0.673554,0.124611,TAP,0.675839,0.108179,,
TAP_82,0.677586,0.0877468,TAP,0.674766,0.10803,,
TAP_143,0.655526,0.0897391,TAP,0.653399,0.105065,,
TAP_115,0.648742,0.106485,TAP,0.649023,0.104459,,
NB_29,0.649962,0.0933006,NB,0.648429,0.104376,,
TAP_95,0.641378,0.108423,TAP,0.642059,0.103496,,
TAP_37,0.634164,0.0928321,TAP,0.632867,0.102226,,
NB_69,0.623159,0.0807774,NB,0.620437,0.100511,,
TAP_144,0.618181,0.109433,TAP,0.61943,0.100373,,
TAP_140,0.613313,0.0936699,TAP,0.612521,0.0994201,,
NB_90,0.613603,0.0898272,NB,0.612285,0.0993876,,
TAP_103,0.609359,0.091056,TAP,0.608285,0.0988359,,
TAP_58,0.605515,0.115333,TAP,0.607801,0.0987691,,
TAP_110,0.601646,0.0812733,TAP,0.599389,0.0976066,,
TAP_146,0.582931,0.0852551,TAP,0.581556,0.0951228,,
TAP_145,0.577792,0.0915891,TAP,0.577378,0.094535,,
aNSC_31,0.576007,0.0861679,aNSC,0.574875,0.0941816,,
TAP_10,0.56598,0.0836857,TAP,0.564691,0.0927314,,
TAP_91,0.566766,0.0711551,TAP,0.563689,0.0925875,,
NB_24,0.562911,0.0803983,NB,0.561208,0.0922303,,
NB_55,0.552562,0.148411,NB,0.560681,0.0921544,,
TAP_48,0.560899,0.0892707,TAP,0.560487,0.0921263,,
TAP_153,0.559062,0.088128,TAP,0.558525,0.0918425,,
TAP_113,0.552406,0.127874,TAP,0.557649,0.0917155,,
TAP_99,0.549736,0.080813,TAP,0.548341,0.0903546,,
TAP_90,0.54756,0.0902882,TAP,0.547567,0.0902405,,
TAP_84,0.535092,0.115562,TAP,0.53904,0.0889745,,
NB_4,0.528291,0.0845241,NB,0.527873,0.0872912,,
TAP_88,0.528214,0.0754279,TAP,0.526442,0.0870736,,
TAP_89,0.517914,0.132535,TAP,0.524883,0.0868358,,
TAP_121,0.524007,0.067165,TAP,0.521085,0.0862545,,
TAP_96,0.517313,0.104352,TAP,0.520116,0.0861057,,
TAP_20,0.521399,0.0702185,TAP,0.518982,0.0859313,,
TAP_81,0.517482,0.0892013,TAP,0.518009,0.0857815,,
NB_101,0.520651,0.059674,NB,0.516655,0.0855725,,
TAP_106,0.517813,0.0587285,TAP,0.513729,0.0851196,,
TAP_109,0.514599,0.0793771,TAP,0.513711,0.0851169,,
TAP_45,0.498943,0.0878919,TAP,0.499721,0.0829247,,
TAP_55,0.50228,0.0651848,TAP,0.499475,0.0828857,,
TAP_137,0.492868,0.107706,TAP,0.496876,0.0824729,,
NB_75,0.493578,0.0774801,NB,0.492882,0.0818351,,
NB_97,0.483646,0.0858372,NB,0.48451,0.0804835,,
TAP_136,0.483769,0.0770274,TAP,0.48324,0.0802768,,
aNSC_37,0.475326,0.105255,aNSC,0.479513,0.079667,,
NB_59,0.481572,0.0639522,NB,0.479004,0.0795833,,
TAP_64,0.484034,0.0425351,TAP,0.477966,0.0794126,,
NB_47,0.475139,0.0824148,NB,0.475697,0.0790379,,
TAP_33,0.480486,0.0436589,TAP,0.474655,0.0788654,,
NB_70,0.474474,0.069577,NB,0.472978,0.078587,,
TAP_152,0.468274,0.0635216,TAP,0.465947,0.0774086,,
TAP_41,0.462272,0.0871331,TAP,0.463975,0.0770749,,
NB_44,0.455703,0.122865,NB,0.46349,0.0769926,,
TAP_105,0.460459,0.0819819,TAP,0.46137,0.0766317,,
NB_49,0.461174,0.0532682,NB,0.457288,0.0759317,,
NB_94,0.457389,0.0650784,NB,0.455567,0.0756347,,
NB_25,0.455581,0.0643569,NB,0.453682,0.0753079,,
NB_28,0.452247,0.0765032,NB,0.452491,0.0751007,,
NB_30,0.441351,0.118085,NB,0.44898,0.0744864,,
NB_65,0.442088,0.0943161,NB,0.445689,0.0739059,,
NB_12,0.444462,0.0675648,NB,0.443408,0.0735009,,
NB_23,0.451457,0.0278555,NB,0.44333,0.073487,,
TAP_12,0.443404,0.0706759,TAP,0.442916,0.0734133,,
TAP_13,0.450988,0.0202431,TAP,0.441535,0.0731667,,
NB_33,0.446555,0.0438187,NB,0.44131,0.0731264,,
NB_5,0.44403,0.0503141,NB,0.439982,0.0728883,,
NB_13,0.439044,0.0513214,NB,0.4353,0.0720424,,
NB_58,0.430138,0.0687067,NB,0.429715,0.0710192,,
TAP_15,0.429334,0.0715063,TAP,0.429434,0.0709673,,
TAP_57,0.423677,0.10202,TAP,0.429417,0.0709642,,
TAP_123,0.432598,0.0427119,TAP,0.427425,0.0705947,,
TAP_134,0.430434,0.0481202,TAP,0.426283,0.0703819,,
TAP_18,0.42448,0.0772097,TAP,0.425774,0.0702867,,
NB_53,0.412676,0.104821,NB,0.419434,0.0690877,,
TAP_118,0.406919,0.0892554,TAP,0.411149,0.0674785,,
TAP_111,0.418418,0.0279698,TAP,0.41063,0.0673761,,
TAP_53,0.406107,0.0669445,TAP,0.406198,0.0664913,,
TAP_142,0.402473,0.0754681,TAP,0.404363,0.0661205,,
NB_15,0.393059,0.113129,NB,0.402701,0.0657821,,
NB_32,0.399018,0.0743379,NB,0.400851,0.0654026,,
NB_31,0.393666,0.0836035,NB,0.39758,0.0647245,,
TAP_73,0.398659,0.0583984,TAP,0.397347,0.0646759,,
TAP_60,0.397689,0.0592627,TAP,0.396589,0.0645172,,
aNSC_45,0.389258,0.0804841,aNSC,0.392801,0.0637167,,
NB_6,0.394948,0.0395494,NB,0.389902,0.0630954,,
TAP_151,0.395895,0.0328778,TAP,0.389396,0.0629864,,
NB_88,0.38025,0.0823274,NB,0.384692,0.0619606,,
TAP_147,0.393936,0.0192591,TAP,0.384537,0.0619263,,
TAP_27,0.386078,0.0531689,TAP,0.384165,0.0618443,,
NB_52,0.367999,0.133588,NB,0.383858,0.0617766,,
NB_35,0.38095,0.0560634,NB,0.379875,0.0608893,,
TAP_138,0.382271,0.0426532,TAP,0.378246,0.0605224,,
TAP_52,0.379324,0.0395191,TAP,0.374728,0.0597224,,
TAP_56,0.37859,0.0408509,TAP,0.374289,0.0596218,,
NB_80,0.370027,0.075322,NB,0.373665,0.0594786,,
TAP_131,0.378151,0.0396802,TAP,0.373603,0.0594644,,
TAP_102,0.377317,0.0417201,TAP,0.373254,0.059384,,
TAP_36,0.373246,0.0549471,TAP,0.372275,0.0591584,,
TAP_87,0.377434,0.0342446,TAP,0.371703,0.0590262,,
NB_43,0.37621,0.0297829,NB,0.369532,0.0585217,,
TAP_128,0.354649,0.118057,TAP,0.368608,0.058306,,
NB_27,0.362548,0.0763642,NB,0.366882,0.0579008,,
TAP_79,0.366224,0.0363159,TAP,0.361406,0.0566003,,
aNSC_49,0.363594,0.0414807,aNSC,0.360042,0.0562729,,
NB_95,0.363887,0.0287038,NB,0.35738,0.0556298,,
NB_54,0.362722,0.0320509,NB,0.357019,0.0555422,,
TAP_35,0.35632,0.0427831,TAP,0.353418,0.0546629,,
NB_86,0.356114,0.0414546,NB,0.3529,0.0545357,,
TAP_122,0.36356,0.00971837,TAP,0.352553,0.0544505,,
NB_89,0.357721,0.0310093,NB,0.35198,0.0543092,,
TAP_22,0.35742,0.0260922,TAP,0.350535,0.0539522,,
NB_14,0.344611,0.0729588,NB,0.349396,0.0536697,,
TAP_141,0.352579,0.0389196,TAP,0.348939,0.053556,,
NB_67,0.353687,0.0339226,NB,0.348809,0.0535236,,
aNSC_32,0.351278,0.0435059,aNSC,0.348786,0.0535179,,
NB_92,0.344632,0.0638688,NB,0.347307,0.0531489,,
NB_26,0.344112,0.0623476,NB,0.346468,0.052939,,
NB_42,0.330137,0.106402,NB,0.343769,0.0522595,,
NB_81,0.337951,0.0714313,NB,0.342862,0.0520302,,
TAP_32,0.327074,0.0621583,TAP,0.330511,0.0488422,,
NB_72,0.309504,0.120601,NB,0.328531,0.0483217,,
TAP_132,0.33861,0.00375378,TAP,0.326935,0.0478997,,
TAP_47,0.323037,0.0574487,TAP,0.325661,0.0475617,,
NB_66,0.330262,0.0249303,NB,0.32433,0.0472076,,
aNSC_39,0.318001,0.0636451,aNSC,0.322523,0.0467248,,
NB_93,0.31604,0.0663299,NB,0.321379,0.0464182,,
NB_96,0.329013,0.0140134,NB,0.320376,0.0461487,,
NB_91,0.306671,0.0916582,NB,0.319031,0.0457864,,
TAP_108,0.323402,0.0241325,TAP,0.317652,0.0454138,,
NB_68,0.323597,0.0224474,NB,0.3174,0.0453459,,
TAP_130,0.320845,0.0220284,TAP,0.314715,0.0446172,,
TAP_85,0.317382,0.0310818,TAP,0.313767,0.0443593,,
TAP_50,0.313011,0.0449447,TAP,0.313212,0.0442079,,
NB_11,0.321959,0.00875218,NB,0.312344,0.0439712,,
NB_78,0.304379,0.0623526,NB,0.309616,0.0432244,,
aNSC_50,0.286288,0.12651,aNSC,0.309182,0.0431054,,
TAP_19,0.305964,0.049512,TAP,0.307828,0.0427332,,
TAP_124,0.31913,0.000876295,TAP,0.307639,0.0426814,,
TAP_74,0.309024,0.0328084,TAP,0.306398,0.0423395,,
TAP_75,0.304169,0.0406596,TAP,0.303896,0.0416486,,
TAP_54,0.309585,0.0100251,TAP,0.301039,0.0408568,,
TAP_21,0.298919,0.0436815,TAP,0.2998,0.0405126,,
NB_50,0.302194,0.0274495,NB,0.298648,0.0401923,,
TAP_9,0.301983,0.0255801,TAP,0.297966,0.0400022,,
TAP_148,0.305999,0.00790419,TAP,0.297116,0.0397655,,
NB_7,0.280949,0.0954352,NB,0.296526,0.0396008,,
TAP_107,0.304073,0.00966143,TAP,0.295773,0.0393907,,
NB_64,0.302009,0.0103459,NB,0.294028,0.0389029,,
TAP_25,0.299385,0.00751535,TAP,0.290843,0.0380112,,
TAP_29,0.289608,0.0402882,TAP,0.290291,0.0378562,,
aNSC_40,0.296019,0.0148933,aNSC,0.289628,0.0376703,,
TAP_8,0.280552,0.0654322,TAP,0.288441,0.0373371,,
NB_41,0.290014,0.0284125,NB,0.287575,0.0370938,,
NB_98,0.291079,0.020625,NB,0.286532,0.0368007,,
TAP_68,0.286342,0.0321416,TAP,0.285141,0.0364096,,
aNSC_47,0.275881,0.0521351,aNSC,0.280666,0.0351491,,
TAP_77,0.28408,0.0201082,TAP,0.2799,0.0349331,,
NB_45,0.265876,0.0831144,NB,0.279496,0.0348193,,
aNSC_126,0.276959,0.0398055,aNSC,0.278449,0.0345238,,
NB_99,0.275946,0.0420922,NB,0.278108,0.0344277,,
TAP_83,0.274627,0.0403536,TAP,0.276433,0.033955,,
NB_84,0.28057,0.0136969,NB,0.274969,0.0335417,,
TAP_161,0.274672,0.0341602,TAP,0.274856,0.0335098,,
TAP_86,0.281233,0.00868995,TAP,0.274273,0.0333454,,
aNSC_99,0.266274,0.0581614,aNSC,0.273353,0.0330856,,
TAP_23,0.281429,-0.00780655,TAP,0.270143,0.0321796,,
NB_73,0.263085,0.047907,NB,0.267715,0.0314946,,
NB_39,0.270885,0.0170079,NB,0.266868,0.0312555,,
TAP_78,0.263848,0.0416075,TAP,0.266775,0.0312294,,
NB_85,0.269268,0.00566107,NB,0.262412,0.0300002,,
TAP_80,0.27071,-0.00295377,TAP,0.261511,0.0297467,,
TAP_126,0.261407,0.0287264,TAP,0.261148,0.0296447,,
TAP_133,0.270347,-0.00555437,TAP,0.260503,0.0294633,,
TAP_97,0.263965,0.00511378,TAP,0.257375,0.0285849,,
aNSC_107,0.24016,0.087855,aNSC,0.256822,0.0284295,,
TAP_59,0.259496,0.0137039,TAP,0.255476,0.0280523,,
TAP_129,0.265092,-0.00718712,TAP,0.255238,0.0279855,,
TAP_11,0.263113,-0.00100778,TAP,0.255008,0.0279212,,
aNSC_8,0.227773,0.1148,aNSC,0.252277,0.0271574,,
TAP_119,0.258911,0.000223634,TAP,0.251457,0.0269282,,
aNSC_98,0.252211,0.0230373,aNSC,0.251149,0.0268422,,
aNSC_35,0.255794,0.00297978,aNSC,0.249288,0.0263236,,
aNSC_44,0.245307,0.0399139,aNSC,0.249109,0.0262735,,
TAP_49,0.249434,0.0225322,TAP,0.248445,0.0260886,,
NB_82,0.258727,-0.0111585,NB,0.248368,0.0260673,,
NB_83,0.239928,0.055265,NB,0.248075,0.0259858,,
NB_62,0.248176,0.0218514,NB,0.247102,0.0257151,,
TAP_94,0.237616,0.0587113,TAP,0.246809,0.0256338,,
NB_61,0.250987,0.00896482,NB,0.246389,0.0255171,,
TAP_154,0.253049,-0.000908255,TAP,0.245765,0.0253437,,
NB_48,0.231548,0.0725754,NB,0.244721,0.0250541,,
TAP_40,0.241065,0.0284065,TAP,0.242186,0.0243528,,
NB_77,0.250728,-0.00955277,NB,0.241427,0.0241428,,
NB_36,0.241091,0.00759114,NB,0.236882,0.0228923,,
TAP_114,0.226032,0.0599278,TAP,0.236265,0.0227224,,
aNSC_108,0.228754,0.0460121,aNSC,0.235207,0.0224328,,
TAP_28,0.24222,-0.00469355,TAP,0.234824,0.022328,,
NB_21,0.240201,0.00201829,NB,0.234656,0.0222818,,
aNSC_124,0.238253,-0.00233221,aNSC,0.231758,0.0214913,,
TAP_65,0.24033,-0.0148757,TAP,0.230537,0.0211588,,
aNSC_117,0.227577,0.0311726,aNSC,0.230314,0.0210984,,
TAP_100,0.232696,0.00819005,TAP,0.229272,0.0208155,,
TAP_168,0.213516,0.0762403,TAP,0.228596,0.0206321,,
aNSC_106,0.23293,0.00462756,aNSC,0.22859,0.0206304,,
NB_22,0.227501,0.0198648,NB,0.227382,0.0203035,,
NB_100,0.223189,0.0287701,NB,0.225603,0.0198231,,
TAP_51,0.22754,0.00344189,TAP,0.223303,0.0192041,,
NB_60,0.233132,-0.0181178,NB,0.223113,0.0191531,,
TAP_31,0.229034,-0.0056425,TAP,0.222431,0.01897,,
NB_18,0.220427,0.0114722,NB,0.218691,0.0179704,,
aNSC_127,0.21091,0.045763,aNSC,0.218356,0.0178809,,
TAP_62,0.224009,-0.00370968,TAP,0.21825,0.0178526,,
TAP_159,0.220705,0.00461177,TAP,0.217256,0.0175878,,
NB_56,0.214764,0.0218645,NB,0.215988,0.017251,,
aNSC_81,0.214762,0.0175126,aNSC,0.214907,0.0169644,,
TAP_38,0.217811,0.00515375,TAP,0.214699,0.0169092,,
TAP_93,0.223865,-0.0190278,TAP,0.214373,0.0168231,,
TAP_17,0.218437,-0.00335614,TAP,0.213192,0.0165107,,
TAP_155,0.199547,0.0681822,TAP,0.213189,0.01651,,
NB_46,0.202354,0.057264,NB,0.213118,0.0164913,,
aNSC_112,0.208997,0.0280978,aNSC,0.212125,0.0162292,,
TAP_44,0.221635,-0.0207663,TAP,0.211903,0.0161707,,
NB_87,0.212847,0.0085876,NB,0.210921,0.0159122,,
TAP_70,0.213551,-0.00579976,TAP,0.208058,0.015161,,
TAP_72,0.212037,-0.00546918,TAP,0.20674,0.0148163,,
aNSC_42,0.21251,-0.0100412,aNSC,0.206066,0.0146402,,
NB_74,0.209734,-0.0026651,NB,0.205277,0.0144346,,
NB_71,0.194874,0.0501237,NB,0.20422,0.0141595,,
aNSC_55,0.153683,0.207336,aNSC,0.203905,0.0140776,,
TAP_46,0.205973,-0.0104955,TAP,0.199889,0.0130383,,
TAP_101,0.202862,-0.00583378,TAP,0.198127,0.012584,,
NB_20,0.18735,0.0498056,NB,0.196969,0.0122863,,
TAP_120,0.208542,-0.0339622,TAP,0.196703,0.0122183,,
aNSC_118,0.193949,0.0118472,aNSC,0.194029,0.0115348,,
NB_38,0.186078,0.0408759,NB,0.193595,0.011424,,
NB_76,0.172993,0.0894534,NB,0.192889,0.0112441,,
NB_8,0.197682,-0.00818512,NB,0.192748,0.0112083,,
aNSC_113,0.191002,0.0144096,aNSC,0.191871,0.0109853,,
TAP_165,0.188449,0.0242134,TAP,0.191807,0.0109692,,
aNSC_110,0.189207,0.00689348,aNSC,0.188397,0.0101077,,
aNSC_51,0.185351,0.00853297,aNSC,0.18516,0.00929639,,
NB_37,0.177824,0.0378983,NB,0.184987,0.00925317,,
TAP_166,0.18456,0.0100823,TAP,0.18478,0.00920128,,
TAP_112,0.190655,-0.0169209,TAP,0.184191,0.00905413,,
TAP_76,0.177473,0.0333008,TAP,0.183537,0.00889144,,
TAP_16,0.1926,-0.0289503,TAP,0.183235,0.00881639,,
aNSC_25,0.17038,0.0601839,aNSC,0.183124,0.00878883,,
TAP_67,0.170611,0.0569882,TAP,0.182595,0.00865773,,
TAP_43,0.182824,0.00357197,TAP,0.181626,0.00841813,,
TAP_160,0.168496,0.0578265,TAP,0.180733,0.00819789,,
aNSC_68,0.155533,0.105339,aNSC,0.179403,0.00787101,,
TAP_71,0.186634,-0.0237912,TAP,0.17891,0.00775038,,
TAP_98,0.188471,-0.0313052,TAP,0.178907,0.00774955,,
TAP_63,0.182471,-0.0105866,TAP,0.178045,0.00753898,,
TAP_26,0.182818,-0.0195876,TAP,0.176344,0.00712547,,
aNSC_43,0.182201,-0.0225923,aNSC,0.175113,0.00682746,,
TAP_14,0.183696,-0.0417676,TAP,0.17225,0.00614153,,
TAP_156,0.170224,0.0109978,TAP,0.171431,0.00594581,,
aNSC_101,0.161105,0.048723,aNSC,0.17133,0.00592178,,
aNSC_125,0.174999,-0.0245938,aNSC,0.168024,0.00514373,,
TAP_104,0.174229,-0.0330138,TAP,0.165521,0.00456082,,
TAP_69,0.171803,-0.0255077,TAP,0.164913,0.00442048,,
aNSC_105,0.165676,-0.00669691,aNSC,0.16323,0.00403528,,
NB_16,0.16548,-0.0064305,NB,0.163101,0.00400589,,
aNSC_52,0.161406,-0.00706038,aNSC,0.159127,0.00311178,,
TAP_149,0.161146,-0.0105865,TAP,0.158127,0.00288767,,
NB_9,0.155198,0.0140481,NB,0.157682,0.00278948,,
NB_34,0.1645,-0.0345774,NB,0.156399,0.00250726,,
aNSC_20,0.155637,-0.00109,aNSC,0.154928,0.0021869,,
TAP_117,0.158067,-0.0242916,TAP,0.152522,0.00167002,,
aNSC_123,0.145484,0.0253498,aNSC,0.150551,0.00125233,,
TAP_39,0.157233,-0.0336907,TAP,0.149913,0.00111809,,
aNSC_109,0.149199,-0.0102238,aNSC,0.146992,0.000514349,,
aNSC_36,0.143437,0.0136172,aNSC,0.146164,0.000344152,,
TAP_167,0.129116,0.0769654,TAP,0.144536,1.54E-05,,
TAP_30,0.150606,-0.0401922,TAP,0.142734,-0.000343701,,
NB_51,0.151861,-0.0485426,NB,0.142354,-0.000418785,,
aNSC_83,0.143372,-0.00819945,aNSC,0.141854,-0.000517441,,
aNSC_65,0.139603,0.00772585,aNSC,0.141235,-0.000638846,,
TAP_66,0.140821,-0.000592405,TAP,0.140845,-0.000714864,,
TAP_162,0.142241,-0.0133503,TAP,0.139852,-0.00090717,,
NB_63,0.142185,-0.0238295,NB,0.137913,-0.00127699,,
aNSC_102,0.142412,-0.0306808,aNSC,0.136935,-0.00146228,,
aNSC_122,0.137856,-0.00663249,aNSC,0.136891,-0.00147035,,
TAP_1,0.132527,-0.0123236,TAP,0.13077,-0.00258122,,
aNSC_90,0.132526,-0.0125564,aNSC,0.130728,-0.00258876,,
TAP_2,0.127069,0.0150225,TAP,0.130262,-0.00267286,,
TAP_157,0.126398,0.00866385,TAP,0.128407,-0.00299707,,
aNSC_120,0.130278,-0.0155458,aNSC,0.128125,-0.00304563,,
aNSC_74,0.107223,0.114769,aNSC,0.127308,-0.00318605,,
NB_3,0.134856,-0.0511746,NB,0.126758,-0.00327925,,
TAP_7,0.131326,-0.0317345,TAP,0.126521,-0.00331924,,
TAP_163,0.132314,-0.0379934,TAP,0.126453,-0.00333068,,
aNSC_111,0.127813,-0.0130366,aNSC,0.126189,-0.0033754,,
NB_10,0.1298,-0.0248544,NB,0.126189,-0.0033754,,
aNSC_24,0.129609,-0.0252041,aNSC,0.125952,-0.00341518,,
TAP_92,0.125485,-0.00912123,TAP,0.124583,-0.00364269,,
NB_57,0.119689,0.016921,NB,0.12306,-0.00389175,,
aNSC_77,0.115209,0.0411673,aNSC,0.122521,-0.00397908,,
NB_17,0.122343,-0.00503647,NB,0.122181,-0.00403422,,
aNSC_121,0.121272,-0.00210977,aNSC,0.121594,-0.00412819,,
NB_79,0.11978,0.00182792,NB,0.120745,-0.0042629,,
aNSC_96,0.124181,-0.0359779,aNSC,0.119305,-0.00448776,,
NB_19,0.116002,0.0109976,NB,0.118387,-0.00462984,,
aNSC_92,0.122092,-0.0336921,aNSC,0.117674,-0.0047386,,
aNSC_97,0.118068,-0.0319121,aNSC,0.114151,-0.0052603,,
aNSC_103,0.113353,-0.0132138,aNSC,0.112264,-0.00553227,,
aNSC_100,0.110875,0.00184625,aNSC,0.111928,-0.00557984,,
TAP_42,0.115183,-0.0368673,TAP,0.110877,-0.00572737,,
aNSC_27,0.11313,-0.0276619,aNSC,0.110112,-0.0058332,,
TAP_6,0.112402,-0.02682,TAP,0.109546,-0.00591052,,
aNSC_9,0.103581,0.0355555,aNSC,0.109196,-0.00595815,,
TAP_61,0.11615,-0.0606486,TAP,0.10876,-0.00601711,,
aNSC_119,0.106742,0.00511115,aNSC,0.108238,-0.00608721,,
TAP_164,0.106591,-0.0158599,TAP,0.105376,-0.00646014,,
TAP_5,0.101882,0.00636997,TAP,0.10351,-0.00669619,,
NB_40,0.106008,-0.0278604,NB,0.103373,-0.0067133,,
TAP_116,0.105498,-0.0500823,TAP,0.100358,-0.00707711,,
aNSC_104,0.100974,-0.0186447,aNSC,0.0996446,-0.00716239,,
TAP_24,0.104847,-0.0533494,TAP,0.0995006,-0.00717907,,
NB_102,0.0877536,0.057748,NB,0.0949649,-0.00768277,,
TAP_34,0.0973169,-0.0413194,TAP,0.093815,-0.00780683,,
aNSC_115,0.0943629,-0.0172938,aNSC,0.0933764,-0.00785267,,
aNSC_11,0.0928465,-0.00962308,aNSC,0.0926737,-0.00792521,,
aNSC_64,0.0945558,-0.0300382,aNSC,0.0923097,-0.00796225,,
aNSC_116,0.0946635,-0.0408731,aNSC,0.091402,-0.00805354,,
aNSC_48,0.0908156,-0.0486895,aNSC,0.0870363,-0.00846708,,
aNSC_29,0.0892441,-0.0557867,aNSC,0.0851217,-0.00863817,,
aNSC_1,0.0817192,-0.0129052,aNSC,0.0813965,-0.00894503,,
aNSC_56,0.0819897,-0.0259599,aNSC,0.0806872,-0.0090018,,
TAP_158,0.0792588,-0.017056,TAP,0.0786747,-0.00915192,,
aNSC_2,0.0804347,-0.0383494,aNSC,0.0782791,-0.00918115,,
aNSC_30,0.0761356,-0.0360306,aNSC,0.0743631,-0.00944437,,
aNSC_28,0.0758877,-0.0435291,aNSC,0.0737847,-0.00948203,,
aNSC_22,0.073313,-0.0278933,aNSC,0.0722243,-0.00957565,,
aNSC_19,0.0653342,0.0427174,aNSC,0.0681266,-0.00979578,,
aNSC_70,0.0647515,0.0369269,aNSC,0.066964,-0.00985261,,
aNSC_87,0.0646736,-0.0506728,aNSC,0.0629838,-0.0100198,,
aNSC_15,0.0629688,-0.0350578,aNSC,0.0620669,-0.0100539,,
NB_2,0.0587386,-0.0415984,NB,0.0577919,-0.0101839,,
aNSC_85,0.056601,-0.0196235,aNSC,0.056379,-0.0102181,,
aNSC_114,0.0557456,0.0134844,aNSC,0.0563052,-0.0102198,,
aNSC_10,0.053117,0.0314355,aNSC,0.0539047,-0.0102656,,
aNSC_26,0.0539274,-0.015378,aNSC,0.0538308,-0.010267,,
TAP_4,0.0509785,-0.0237952,TAP,0.0508618,-0.0103048,,
aNSC_46,0.0501243,0.0255407,aNSC,0.0504331,-0.0103085,,
aNSC_61,0.0503693,-0.014826,aNSC,0.0503376,-0.0103092,,
TAP_3,0.0496315,-0.0336024,TAP,0.0495635,-0.0103145,,
aNSC_89,0.0467156,-0.0459287,aNSC,0.0469172,-0.0103223,,
aNSC_67,0.041911,-0.0330167,aNSC,0.0421756,-0.0102938,,
aNSC_7,0.0415414,-0.0364882,aNSC,0.041908,-0.0102903,,
aNSC_38,0.0415874,0.0665577,aNSC,0.0401916,-0.0102654,,
aNSC_34,0.0371957,-0.0649204,aNSC,0.0384311,-0.0102325,,
aNSC_41,0.037895,0.0376383,aNSC,0.036512,-0.0101875,,
aNSC_72,0.0362196,0.0810684,aNSC,0.0331431,-0.0100884,,
