Pathways,Fold_Enrichment,Fold_Score,notes,pvalue,sig_score,notes,FDR,Lineage,Cluster,Cluster_2
AD-amyloid secretase   ,4.38,4,4 to 5,3.37E-02,7,<0.05,1.00E+00,1_OL,1,A
AD-amyloid secretase   ,0.01,0,0,1.00E+00,1,ns,1.00E+00,2_common,2,B
AD-amyloid secretase   ,0.01,0,0,1.00E+00,1,ns,1.00E+00,3_neuro,3,C
AD-presenilin   ,5.4,5,5 to 6,2.47E-05,10,<E05,2.02E-03,1_OL,1,A
AD-presenilin   ,0.01,0,0,2.75E-01,1,ns,1.00E+00,3_neuro,3,C
AD-presenilin   ,0.64,0,0,1.00E+00,1,ns,1.00E+00,2_common,2,B
Arginine biosynthesis ,24.13,10,<10,4.70E-02,7,<0.05,1.00E+00,2_common,2,B
Arginine biosynthesis ,0.01,0,0,1.00E+00,1,ns,1.00E+00,1_OL,1,A
Arginine biosynthesis ,0.01,0,0,1.00E+00,1,ns,1.00E+00,3_neuro,3,C
De novo purine biosynthesis ,29.55,10,<10,8.09E-12,10,<E05,6.63E-10,2_common,2,B
De novo purine biosynthesis ,9.1,9,9 to 10,1.26E-03,8,<0.0025,4.14E-02,3_neuro,3,C
De novo purine biosynthesis ,0.01,0,0,1.00E+00,1,ns,1.00E+00,1_OL,1,A
De novo pyrimidine DNA biosynthesis ,42.03,10,<10,6.06E-12,10,<E05,9.94E-10,2_common,2,B
De novo pyrimidine DNA biosynthesis ,17.98,10,<10,1.59E-05,10,<E05,2.61E-03,3_neuro,3,C
De novo pyrimidine DNA biosynthesis ,0.01,0,0,1.00E+00,1,ns,1.00E+00,1_OL,1,A
De novo pyrimidine RNA biosythesis ,48.26,10,<10,1.15E-08,10,<E05,6.28E-07,2_common,2,B
De novo pyrimidine RNA biosythesis ,0.01,0,0,1.00E+00,1,ns,1.00E+00,1_OL,1,A
De novo pyrimidine RNA biosythesis ,0.01,0,0,1.00E+00,1,ns,1.00E+00,3_neuro,3,C
DNA replication ,14.86,10,<10,2.28E-04,9,<E04,1.87E-02,3_neuro,3,C
DNA replication ,14.48,10,<10,1.49E-03,8,<0.0025,6.09E-02,2_common,2,B
DNA replication ,0.01,0,0,1.00E+00,1,ns,1.00E+00,1_OL,1,A
FAS signaling   ,11.43,10,<10,5.70E-04,9,<E04,2.34E-02,3_neuro,3,C
FAS signaling   ,6.28,7.5,6 to 7,4.35E-02,7,<0.05,1.00E+00,1_OL,1,A
FAS signaling   ,3.71,3,3 to 4,2.41E-01,1,ns,1.00E+00,2_common,2,B
Gonadotropin-releasing hormone receptor   ,3.38,3,3 to 4,5.37E-03,7.5,<0.01,1.76E-01,2_common,2,B
Gonadotropin-releasing hormone receptor   ,1.86,2,1 to 2,2.01E-01,1,ns,1.00E+00,3_neuro,3,C
Gonadotropin-releasing hormone receptor   ,1.63,2,1 to 2,3.16E-01,1,ns,1.00E+00,1_OL,1,A
Notch signaling   ,14.29,10,<10,1.17E-06,10,<E05,1.92E-04,1_OL,1,A
Notch signaling   ,2.41,2.5,2 to 3,3.43E-01,1,ns,1.00E+00,2_common,2,B
Notch signaling   ,0.01,0,0,1.00E+00,1,ns,1.00E+00,3_neuro,3,C
p53   ,6.56,7.5,6 to 7,4.13E-04,9,<E04,2.26E-02,3_neuro,3,C
p53   ,1.42,2,1 to 2,5.09E-01,1,ns,1.00E+00,2_common,2,B
p53   ,1.2,2,1 to 2,5.68E-01,1,ns,1.00E+00,1_OL,1,A
PI3 kinase pathway,4.38,4,4 to 5,8.03E-02,5,ns,1.00E+00,1_OL,1,A
PI3 kinase pathway,1.99,2,1 to 2,3.99E-01,1,ns,1.00E+00,3_neuro,3,C
PI3 kinase pathway,0.01,0,0,1.00E+00,1,ns,1.00E+00,2_common,2,B
Salvage pyrimidine RNA,13.16,10,<10,1.17E-02,7,<0.05,3.19E-01,2_common,2,B
Salvage pyrimidine RNA,0.01,0,0,1.00E+00,1,ns,1.00E+00,1_OL,1,A
Salvage pyrimidine RNA,0.01,0,0,1.00E+00,1,ns,1.00E+00,3_neuro,3,C
Tetrahydrofolate biosynthesis ,37.16,10,<10,2.13E-03,8,<0.0025,5.81E-02,3_neuro,3,C
Tetrahydrofolate biosynthesis ,0.01,0,0,1.00E+00,1,ns,1.00E+00,1_OL,1,A
Tetrahydrofolate biosynthesis ,0.01,0,0,1.00E+00,1,ns,1.00E+00,2_common,2,B
