Pathways;Fold_Enrichment;Fold_Enrichment;Notes;pvalue;Sigscore;Notes;FDR;Cluster;Rank;Lineage;Cluster_Ter;Cluster_Num
AD-presenilin   ;7.49;7.5;7.5 to 9;1.22E-10;10.00;<E05;2.00E-08;1;;OL;qNSCI;1
AD-presenilin   ;5.4;5;5 to 6;2.47E-05;10.00;<E05;0.00202;4;;OL;aNSC;4
AD-presenilin   ;0;0;0;1;0.00;ns;1;2;;OL;qNSCII;2
AD-presenilin   ;0;0;0;1;0.00;ns;1;3;;OL;pNSC;3
AD-presenilin   ;0;0;0;1;0.00;ns;1;5;;OL;TAP;5
Alpha adrenergic receptor signaling   ;7.4;7;7 to 7.5;0.00313;7.50;<0.005;0.171;3;;OL;pNSC;3
Alpha adrenergic receptor signaling   ;0;0;0;1;0.00;ns;1;1;;OL;qNSCI;1
Alpha adrenergic receptor signaling   ;0;0;0;1;0.00;ns;1;2;;OL;qNSCII;2
Alpha adrenergic receptor signaling   ;0;0;0;1;0.00;ns;1;4;;OL;aNSC;4
Alpha adrenergic receptor signaling   ;0;0;0;1;0.00;ns;1;5;;OL;TAP;5
Angiogenesis ;4.22;4;4 to 5;8.23E-04;9.00;<E04;3.37E-02;1;;OL;qNSCI;1
Angiogenesis ;2.69;2.5;2.5 to 3;0.00803;7.00;<0.01;0.219;5;;OL;TAP;5
Angiogenesis ;0;0;0;1;0.00;ns;1;2;;OL;qNSCII;2
Angiogenesis ;0;0;0;1;0.00;ns;1;3;;OL;pNSC;3
Angiogenesis ;0;0;0;1;0.00;ns;1;4;;OL;aNSC;4
Cadherin signaling   ;4.29;4;4 to 5;1.58E-03;8.00;<0.002;5.17E-02;1;;OL;qNSCI;1
Cadherin signaling   ;0;0;0;1;0.00;ns;1;2;;OL;qNSCII;2
Cadherin signaling   ;0;0;0;1;0.00;ns;1;3;;OL;pNSC;3
Cadherin signaling   ;0;0;0;1;0.00;ns;1;4;;OL;aNSC;4
Cadherin signaling   ;0;0;0;1;0.00;ns;1;5;;OL;TAP;5
Circadian clock system ;46.84;10;<10;5.20E-05;10.00;<E05;0.00853;2;;OL;qNSCII;2
Circadian clock system ;13.5;10;<10;1.95E-03;8.00;<0.002;5.33E-02;1;;OL;qNSCI;1
Circadian clock system ;0;0;0;1;0.00;ns;1;3;;OL;pNSC;3
Circadian clock system ;0;0;0;1;0.00;ns;1;4;;OL;aNSC;4
Circadian clock system ;0;0;0;1;0.00;ns;1;5;;OL;TAP;5
General transcription by RNA polymerase I ;7.31;7;7 to 7.5;0.0104;6.00;<0.05;0.213;5;;OL;TAP;5
General transcription by RNA polymerase I ;0;0;0;1;0.00;ns;1;1;;OL;qNSCI;1
General transcription by RNA polymerase I ;0;0;0;1;0.00;ns;1;2;;OL;qNSCII;2
General transcription by RNA polymerase I ;0;0;0;1;0.00;ns;1;3;;OL;pNSC;3
General transcription by RNA polymerase I ;0;0;0;1;0.00;ns;1;4;;OL;aNSC;4
General transcription regulation ;5.23;5;5 to 6;0.00914;7.00;<0.01;0.214;5;;OL;TAP;5
General transcription regulation ;0;0;0;1;0.00;ns;1;1;;OL;qNSCI;1
General transcription regulation ;0;0;0;1;0.00;ns;1;2;;OL;qNSCII;2
General transcription regulation ;0;0;0;1;0.00;ns;1;3;;OL;pNSC;3
General transcription regulation ;0;0;0;1;0.00;ns;1;4;;OL;aNSC;4
Notch signaling   ;14.29;10;<10;1.17E-06;10.00;<E05;0.000192;4;;OL;aNSC;4
Notch signaling   ;8.04;8;8 to 9;4.57E-06;10.00;<E05;0.000749;5;;OL;TAP;5
Notch signaling   ;9.45;9;9to10;6.66E-05;10.00;<E05;5.46E-03;1;;OL;qNSCI;1
Notch signaling   ;0;0;0;1;0.00;ns;1;2;;OL;qNSCII;2
Notch signaling   ;0;0;0;1;0.00;ns;1;3;;OL;pNSC;3
Pyruvate metabolism ;11.1;10;<10;0.00396;7.50;<0.005;0.163;3;;OL;pNSC;3
Pyruvate metabolism ;0;0;0;1;0.00;ns;1;1;;OL;qNSCI;1
Pyruvate metabolism ;0;0;0;1;0.00;ns;1;2;;OL;qNSCII;2
Pyruvate metabolism ;0;0;0;1;0.00;ns;1;4;;OL;aNSC;4
Pyruvate metabolism ;0;0;0;1;0.00;ns;1;5;;OL;TAP;5
Transcription regulation by bZIP TF;4.54;4;4 to 5;0.00633;7.00;<0.01;0.208;5;;OL;TAP;5
Transcription regulation by bZIP TF;0;0;0;1;0.00;ns;1;1;;OL;qNSCI;1
Transcription regulation by bZIP TF;0;0;0;1;0.00;ns;1;2;;OL;qNSCII;2
Transcription regulation by bZIP TF;0;0;0;1;0.00;ns;1;3;;OL;pNSC;3
Transcription regulation by bZIP TF;0;0;0;1;0.00;ns;1;4;;OL;aNSC;4
Wnt signaling   ;2.72;2.5;2.5 to 3;7.10E-03;7.00;<0.01;1.66E-01;1;;OL;qNSCI;1
Wnt signaling   ;0;0;0;1;0.00;ns;1;2;;OL;qNSCII;2
Wnt signaling   ;0;0;0;1;0.00;ns;1;3;;OL;pNSC;3
Wnt signaling   ;0;0;0;1;0.00;ns;1;4;;OL;aNSC;4
Wnt signaling   ;0;0;0;1;0.00;ns;1;5;;OL;TAP;5
Ubiquitin proteasome   ;5.36;5;5 to 6;0.000525;9.00;<E04;0.0431;5;;OL;TAP;5
Ubiquitin proteasome   ;3.81;3;3 to 4;0.00659;7.00;<0.01;0.216;3;;OL;pNSC;3
Ubiquitin proteasome   ;0;0;0;1;0.00;ns;1;1;;OL;qNSCI;1
Ubiquitin proteasome   ;0;0;0;1;0.00;ns;1;2;;OL;qNSCII;2
Ubiquitin proteasome   ;0;0;0;1;0.00;ns;1;4;;OL;aNSC;4
