Pathways,Fold_Enrichment,Fold_Score,notes,pvalue,sig_score,notes,FDR,Lineage,Cluster,Cluster_2
Acetate utilization ,34.09,10,>10,3.82E-02,8,<0.05,1.00E+00,3_neuro,3,C
Acetate utilization ,0.01,0,0,1.00E+00,1,ns,1.00E+00,1_OL,1,A
Acetate utilization ,0.01,0,0,1.00E+00,1,ns,1.00E+00,2_common,2,B
Adrenaline and noradrenaline biosynthesis ,10.58,10,>10,9.29E-02,5,ns,1.00E+00,1_OL,1,A
Adrenaline and noradrenaline biosynthesis ,0.01,0,0,1.00E+00,1,ns,1.00E+00,2_common,2,B
Adrenaline and noradrenaline biosynthesis ,0.01,0,0,1.00E+00,1,ns,1.00E+00,3_neuro,3,C
Alzheimer disease-amyloid secretase   ,7.81,8,7 to 8,2.83E-02,8,<0.05,1.00E+00,1_OL,1,A
Alzheimer disease-amyloid secretase   ,0.01,0,0,1.00E+00,1,ns,1.00E+00,2_common,2,B
Alzheimer disease-amyloid secretase   ,0.01,0,0,1.00E+00,1,ns,1.00E+00,3_neuro,3,C
Circadian clock system ,46.84,10,>10,5.20E-05,10,<E05,8.53E-03,1_OL,1,A
Circadian clock system ,14.61,10,>10,1.56E-03,9,<0.01,2.56E-01,3_neuro,3,C
Circadian clock system ,0.01,0,0,1.00E+00,1,ns,1.00E+00,2_common,2,B
Glutamine glutamate conversion ,100,10,>10,8.63E-06,10,<E05,7.08E-04,2_common,2,B
Glutamine glutamate conversion ,0.01,0,0,1.00E+00,1,ns,1.00E+00,1_OL,1,A
Glutamine glutamate conversion ,0.01,0,0,1.00E+00,1,ns,1.00E+00,3_neuro,3,C
Hedgehog signaling   ,16.61,10,>10,7.50E-03,9,<0.01,2.46E-01,2_common,2,B
Hedgehog signaling   ,0.01,0,0,1.00E+00,1,ns,1.00E+00,1_OL,1,A
Hedgehog signaling   ,0.01,0,0,1.00E+00,1,ns,1.00E+00,3_neuro,3,C
Gq/Go alpha G-protein signaling,6.17,7.5,6 to 7,1.51E-03,9,<0.01,8.28E-02,2_common,2,B
Gq/Go alpha G-protein signaling,1.38,6,1 to 2,6.59E-01,1,ns,1.00E+00,3_neuro,3,C
Gq/Go alpha G-protein signaling,0.01,0,0,1.00E+00,1,ns,1.00E+00,1_OL,1,A
Ionotropic glutamate receptor   ,14.24,10,>10,6.15E-06,10,<E05,1.01E-03,2_common,2,B
Ionotropic glutamate receptor   ,3.98,7,3 to 4,4.27E-02,8,<0.05,1.00E+00,3_neuro,3,C
Ionotropic glutamate receptor   ,0.01,0,0,1.00E+00,1,ns,1.00E+00,1_OL,1,A
Metabotropic glutamate receptor group III   ,8.18,9,8 to 10,6.60E-03,9,<0.01,2.71E-01,2_common,2,B
Metabotropic glutamate receptor group III   ,1.53,6,1 to 2,4.85E-01,1,ns,1.00E+00,3_neuro,3,C
Metabotropic glutamate receptor group III   ,0.01,0,0,1.00E+00,1,ns,1.00E+00,1_OL,1,A
Sulfate assimilation ,51.14,10,>10,2.88E-02,8,<0.05,9.44E-01,3_neuro,3,C
Sulfate assimilation ,0.01,0,0,1.00E+00,1,ns,1.00E+00,1_OL,1,A
Sulfate assimilation ,0.01,0,0,1.00E+00,1,ns,1.00E+00,2_common,2,B
Vasopressin synthesis ,8.18,9,8 to 10,2.79E-02,8,<0.05,1.00E+00,3_neuro,3,C
Vasopressin synthesis ,13.12,10,>10,7.62E-02,5,ns,1.00E+00,1_OL,1,A
Vasopressin synthesis ,0.01,0,0,1.00E+00,1,ns,1.00E+00,2_common,2,B
Vitamin D metabolism and   ,20.49,10,>10,5.05E-02,7.5,5.00E-02,1.00E+00,1_OL,1,A
Vitamin D metabolism and   ,0.01,0,0,1.00E+00,1,ns,1.00E+00,2_common,2,B
Vitamin D metabolism and   ,0.01,0,0,1.00E+00,1,ns,1.00E+00,3_neuro,3,C
